id	column	action	consumer	reason
input_001	event	retired_file	none in current entrypoints	unused by current figures; preserved only in private migration snapshot
input_001	value	retired_file	none in current entrypoints	unused by current figures; preserved only in private migration snapshot
input_001	noevent	retired_file	none in current entrypoints	unused by current figures; preserved only in private migration snapshot
input_001	ID	retired_file	none in current entrypoints	unused by current figures; preserved only in private migration snapshot
input_001	cna	retired_file	none in current entrypoints	unused by current figures; preserved only in private migration snapshot
input_001	freq	retired_file	none in current entrypoints	unused by current figures; preserved only in private migration snapshot
input_001	plotpos	retired_file	none in current entrypoints	unused by current figures; preserved only in private migration snapshot
input_002	event	retired_file	none in current entrypoints	unused by current figures; preserved only in private migration snapshot
input_002	value	retired_file	none in current entrypoints	unused by current figures; preserved only in private migration snapshot
input_002	noevent	retired_file	none in current entrypoints	unused by current figures; preserved only in private migration snapshot
input_002	ID	retired_file	none in current entrypoints	unused by current figures; preserved only in private migration snapshot
input_002	cna	retired_file	none in current entrypoints	unused by current figures; preserved only in private migration snapshot
input_002	freq	retired_file	none in current entrypoints	unused by current figures; preserved only in private migration snapshot
input_002	plotpos	retired_file	none in current entrypoints	unused by current figures; preserved only in private migration snapshot
input_003	panel	retired_file	none in current entrypoints	unused by current figures; preserved only in private migration snapshot
input_003	display_index	retired_file	none in current entrypoints	unused by current figures; preserved only in private migration snapshot
input_003	short_label	retired_file	none in current entrypoints	unused by current figures; preserved only in private migration snapshot
input_003	full_label	retired_file	none in current entrypoints	unused by current figures; preserved only in private migration snapshot
input_003	event_type	retired_file	none in current entrypoints	unused by current figures; preserved only in private migration snapshot
input_003	prevalence_percent	retired_file	none in current entrypoints	unused by current figures; preserved only in private migration snapshot
input_003	median_plotpos	retired_file	none in current entrypoints	unused by current figures; preserved only in private migration snapshot
input_003	saved_realizations	retired_file	none in current entrypoints	unused by current figures; preserved only in private migration snapshot
input_004	event	retained	main-figure renderers and verification	required calculation/drawing/verification field or cohort linkage key
input_004	value	retained	main-figure renderers and verification	required calculation/drawing/verification field or cohort linkage key
input_004	noevent	retained	main-figure renderers and verification	required calculation/drawing/verification field or cohort linkage key
input_004	ID	retained	main-figure renderers and verification	required calculation/drawing/verification field or cohort linkage key
input_004	cna	retained	main-figure renderers and verification	required calculation/drawing/verification field or cohort linkage key
input_004	freq	retained	main-figure renderers and verification	required calculation/drawing/verification field or cohort linkage key
input_004	plotpos	retained	main-figure renderers and verification	required calculation/drawing/verification field or cohort linkage key
input_004	display_index	retained	main-figure renderers and verification	required calculation/drawing/verification field or cohort linkage key
input_005	x	retained	main-figure renderers and verification	required calculation/drawing/verification field or cohort linkage key
input_005	density	retained	main-figure renderers and verification	required calculation/drawing/verification field or cohort linkage key
input_005	scaled	retained	main-figure renderers and verification	required calculation/drawing/verification field or cohort linkage key
input_005	ndensity	retained	main-figure renderers and verification	required calculation/drawing/verification field or cohort linkage key
input_005	count	retained	main-figure renderers and verification	required calculation/drawing/verification field or cohort linkage key
input_005	wdensity	retained	main-figure renderers and verification	required calculation/drawing/verification field or cohort linkage key
input_005	n	retained	main-figure renderers and verification	required calculation/drawing/verification field or cohort linkage key
input_005	y	retained	main-figure renderers and verification	required calculation/drawing/verification field or cohort linkage key
input_005	width	retained	main-figure renderers and verification	required calculation/drawing/verification field or cohort linkage key
input_005	quantile	retained	main-figure renderers and verification	required calculation/drawing/verification field or cohort linkage key
input_005	fill	retained	main-figure renderers and verification	required calculation/drawing/verification field or cohort linkage key
input_005	PANEL	retained	main-figure renderers and verification	required calculation/drawing/verification field or cohort linkage key
input_005	group	retained	main-figure renderers and verification	required calculation/drawing/verification field or cohort linkage key
input_005	violinwidth	retained	main-figure renderers and verification	required calculation/drawing/verification field or cohort linkage key
input_005	flipped_aes	retained	main-figure renderers and verification	required calculation/drawing/verification field or cohort linkage key
input_005	xmin	retained	main-figure renderers and verification	required calculation/drawing/verification field or cohort linkage key
input_005	xmax	retained	main-figure renderers and verification	required calculation/drawing/verification field or cohort linkage key
input_005	order	retained	main-figure renderers and verification	required calculation/drawing/verification field or cohort linkage key
input_005	ymax	retained	main-figure renderers and verification	required calculation/drawing/verification field or cohort linkage key
input_005	weight	retained	main-figure renderers and verification	required calculation/drawing/verification field or cohort linkage key
input_005	colour	retained	main-figure renderers and verification	required calculation/drawing/verification field or cohort linkage key
input_005	linewidth	retained	main-figure renderers and verification	required calculation/drawing/verification field or cohort linkage key
input_005	linetype	retained	main-figure renderers and verification	required calculation/drawing/verification field or cohort linkage key
input_005	alpha	retained	main-figure renderers and verification	required calculation/drawing/verification field or cohort linkage key
input_006	panel	retired_file	none in current entrypoints	unused by current figures; preserved only in private migration snapshot
input_006	display_index	retired_file	none in current entrypoints	unused by current figures; preserved only in private migration snapshot
input_006	short_label	retired_file	none in current entrypoints	unused by current figures; preserved only in private migration snapshot
input_006	full_label	retired_file	none in current entrypoints	unused by current figures; preserved only in private migration snapshot
input_006	event_type	retired_file	none in current entrypoints	unused by current figures; preserved only in private migration snapshot
input_006	prevalence_percent	retired_file	none in current entrypoints	unused by current figures; preserved only in private migration snapshot
input_006	median_plotpos	retired_file	none in current entrypoints	unused by current figures; preserved only in private migration snapshot
input_006	saved_realizations	retired_file	none in current entrypoints	unused by current figures; preserved only in private migration snapshot
input_007	event	retained	main-figure renderers and verification	required calculation/drawing/verification field or cohort linkage key
input_007	value	retained	main-figure renderers and verification	required calculation/drawing/verification field or cohort linkage key
input_007	noevent	retained	main-figure renderers and verification	required calculation/drawing/verification field or cohort linkage key
input_007	ID	retained	main-figure renderers and verification	required calculation/drawing/verification field or cohort linkage key
input_007	cna	retained	main-figure renderers and verification	required calculation/drawing/verification field or cohort linkage key
input_007	freq	retained	main-figure renderers and verification	required calculation/drawing/verification field or cohort linkage key
input_007	plotpos	retained	main-figure renderers and verification	required calculation/drawing/verification field or cohort linkage key
input_007	display_index	retained	main-figure renderers and verification	required calculation/drawing/verification field or cohort linkage key
input_008	x	retained	main-figure renderers and verification	required calculation/drawing/verification field or cohort linkage key
input_008	density	retained	main-figure renderers and verification	required calculation/drawing/verification field or cohort linkage key
input_008	scaled	retained	main-figure renderers and verification	required calculation/drawing/verification field or cohort linkage key
input_008	ndensity	retained	main-figure renderers and verification	required calculation/drawing/verification field or cohort linkage key
input_008	count	retained	main-figure renderers and verification	required calculation/drawing/verification field or cohort linkage key
input_008	wdensity	retained	main-figure renderers and verification	required calculation/drawing/verification field or cohort linkage key
input_008	n	retained	main-figure renderers and verification	required calculation/drawing/verification field or cohort linkage key
input_008	y	retained	main-figure renderers and verification	required calculation/drawing/verification field or cohort linkage key
input_008	width	retained	main-figure renderers and verification	required calculation/drawing/verification field or cohort linkage key
input_008	quantile	retained	main-figure renderers and verification	required calculation/drawing/verification field or cohort linkage key
input_008	fill	retained	main-figure renderers and verification	required calculation/drawing/verification field or cohort linkage key
input_008	PANEL	retained	main-figure renderers and verification	required calculation/drawing/verification field or cohort linkage key
input_008	group	retained	main-figure renderers and verification	required calculation/drawing/verification field or cohort linkage key
input_008	violinwidth	retained	main-figure renderers and verification	required calculation/drawing/verification field or cohort linkage key
input_008	flipped_aes	retained	main-figure renderers and verification	required calculation/drawing/verification field or cohort linkage key
input_008	xmin	retained	main-figure renderers and verification	required calculation/drawing/verification field or cohort linkage key
input_008	xmax	retained	main-figure renderers and verification	required calculation/drawing/verification field or cohort linkage key
input_008	order	retained	main-figure renderers and verification	required calculation/drawing/verification field or cohort linkage key
input_008	ymax	retained	main-figure renderers and verification	required calculation/drawing/verification field or cohort linkage key
input_008	weight	retained	main-figure renderers and verification	required calculation/drawing/verification field or cohort linkage key
input_008	colour	retained	main-figure renderers and verification	required calculation/drawing/verification field or cohort linkage key
input_008	linewidth	retained	main-figure renderers and verification	required calculation/drawing/verification field or cohort linkage key
input_008	linetype	retained	main-figure renderers and verification	required calculation/drawing/verification field or cohort linkage key
input_008	alpha	retained	main-figure renderers and verification	required calculation/drawing/verification field or cohort linkage key
input_009	panel	retired_file	none in current entrypoints	unused by current figures; preserved only in private migration snapshot
input_009	display_index	retired_file	none in current entrypoints	unused by current figures; preserved only in private migration snapshot
input_009	short_label	retired_file	none in current entrypoints	unused by current figures; preserved only in private migration snapshot
input_009	full_label	retired_file	none in current entrypoints	unused by current figures; preserved only in private migration snapshot
input_009	event_type	retired_file	none in current entrypoints	unused by current figures; preserved only in private migration snapshot
input_009	prevalence_percent	retired_file	none in current entrypoints	unused by current figures; preserved only in private migration snapshot
input_009	median_plotpos	retired_file	none in current entrypoints	unused by current figures; preserved only in private migration snapshot
input_009	saved_realizations	retired_file	none in current entrypoints	unused by current figures; preserved only in private migration snapshot
input_010	event	retained	main-figure renderers and verification	required calculation/drawing/verification field or cohort linkage key
input_010	value	retained	main-figure renderers and verification	required calculation/drawing/verification field or cohort linkage key
input_010	noevent	retained	main-figure renderers and verification	required calculation/drawing/verification field or cohort linkage key
input_010	ID	retained	main-figure renderers and verification	required calculation/drawing/verification field or cohort linkage key
input_010	cna	retained	main-figure renderers and verification	required calculation/drawing/verification field or cohort linkage key
input_010	freq	retained	main-figure renderers and verification	required calculation/drawing/verification field or cohort linkage key
input_010	plotpos	retained	main-figure renderers and verification	required calculation/drawing/verification field or cohort linkage key
input_010	display_index	retained	main-figure renderers and verification	required calculation/drawing/verification field or cohort linkage key
input_011	x	retained	main-figure renderers and verification	required calculation/drawing/verification field or cohort linkage key
input_011	density	retained	main-figure renderers and verification	required calculation/drawing/verification field or cohort linkage key
input_011	scaled	retained	main-figure renderers and verification	required calculation/drawing/verification field or cohort linkage key
input_011	ndensity	retained	main-figure renderers and verification	required calculation/drawing/verification field or cohort linkage key
input_011	count	retained	main-figure renderers and verification	required calculation/drawing/verification field or cohort linkage key
input_011	wdensity	retained	main-figure renderers and verification	required calculation/drawing/verification field or cohort linkage key
input_011	n	retained	main-figure renderers and verification	required calculation/drawing/verification field or cohort linkage key
input_011	y	retained	main-figure renderers and verification	required calculation/drawing/verification field or cohort linkage key
input_011	width	retained	main-figure renderers and verification	required calculation/drawing/verification field or cohort linkage key
input_011	quantile	retained	main-figure renderers and verification	required calculation/drawing/verification field or cohort linkage key
input_011	fill	retained	main-figure renderers and verification	required calculation/drawing/verification field or cohort linkage key
input_011	PANEL	retained	main-figure renderers and verification	required calculation/drawing/verification field or cohort linkage key
input_011	group	retained	main-figure renderers and verification	required calculation/drawing/verification field or cohort linkage key
input_011	violinwidth	retained	main-figure renderers and verification	required calculation/drawing/verification field or cohort linkage key
input_011	flipped_aes	retained	main-figure renderers and verification	required calculation/drawing/verification field or cohort linkage key
input_011	xmin	retained	main-figure renderers and verification	required calculation/drawing/verification field or cohort linkage key
input_011	xmax	retained	main-figure renderers and verification	required calculation/drawing/verification field or cohort linkage key
input_011	order	retained	main-figure renderers and verification	required calculation/drawing/verification field or cohort linkage key
input_011	ymax	retained	main-figure renderers and verification	required calculation/drawing/verification field or cohort linkage key
input_011	weight	retained	main-figure renderers and verification	required calculation/drawing/verification field or cohort linkage key
input_011	colour	retained	main-figure renderers and verification	required calculation/drawing/verification field or cohort linkage key
input_011	linewidth	retained	main-figure renderers and verification	required calculation/drawing/verification field or cohort linkage key
input_011	linetype	retained	main-figure renderers and verification	required calculation/drawing/verification field or cohort linkage key
input_011	alpha	retained	main-figure renderers and verification	required calculation/drawing/verification field or cohort linkage key
input_012	panel	retired_file	none in current entrypoints	unused by current figures; preserved only in private migration snapshot
input_012	display_index	retired_file	none in current entrypoints	unused by current figures; preserved only in private migration snapshot
input_012	short_label	retired_file	none in current entrypoints	unused by current figures; preserved only in private migration snapshot
input_012	full_label	retired_file	none in current entrypoints	unused by current figures; preserved only in private migration snapshot
input_012	event_type	retired_file	none in current entrypoints	unused by current figures; preserved only in private migration snapshot
input_012	prevalence_percent	retired_file	none in current entrypoints	unused by current figures; preserved only in private migration snapshot
input_012	median_plotpos	retired_file	none in current entrypoints	unused by current figures; preserved only in private migration snapshot
input_012	saved_realizations	retired_file	none in current entrypoints	unused by current figures; preserved only in private migration snapshot
input_013	event	retained	main-figure renderers and verification	required calculation/drawing/verification field or cohort linkage key
input_013	value	retained	main-figure renderers and verification	required calculation/drawing/verification field or cohort linkage key
input_013	noevent	retained	main-figure renderers and verification	required calculation/drawing/verification field or cohort linkage key
input_013	ID	retained	main-figure renderers and verification	required calculation/drawing/verification field or cohort linkage key
input_013	cna	retained	main-figure renderers and verification	required calculation/drawing/verification field or cohort linkage key
input_013	freq	retained	main-figure renderers and verification	required calculation/drawing/verification field or cohort linkage key
input_013	plotpos	retained	main-figure renderers and verification	required calculation/drawing/verification field or cohort linkage key
input_013	display_index	retained	main-figure renderers and verification	required calculation/drawing/verification field or cohort linkage key
input_014	x	retained	main-figure renderers and verification	required calculation/drawing/verification field or cohort linkage key
input_014	density	retained	main-figure renderers and verification	required calculation/drawing/verification field or cohort linkage key
input_014	scaled	retained	main-figure renderers and verification	required calculation/drawing/verification field or cohort linkage key
input_014	ndensity	retained	main-figure renderers and verification	required calculation/drawing/verification field or cohort linkage key
input_014	count	retained	main-figure renderers and verification	required calculation/drawing/verification field or cohort linkage key
input_014	wdensity	retained	main-figure renderers and verification	required calculation/drawing/verification field or cohort linkage key
input_014	n	retained	main-figure renderers and verification	required calculation/drawing/verification field or cohort linkage key
input_014	y	retained	main-figure renderers and verification	required calculation/drawing/verification field or cohort linkage key
input_014	width	retained	main-figure renderers and verification	required calculation/drawing/verification field or cohort linkage key
input_014	quantile	retained	main-figure renderers and verification	required calculation/drawing/verification field or cohort linkage key
input_014	fill	retained	main-figure renderers and verification	required calculation/drawing/verification field or cohort linkage key
input_014	PANEL	retained	main-figure renderers and verification	required calculation/drawing/verification field or cohort linkage key
input_014	group	retained	main-figure renderers and verification	required calculation/drawing/verification field or cohort linkage key
input_014	violinwidth	retained	main-figure renderers and verification	required calculation/drawing/verification field or cohort linkage key
input_014	flipped_aes	retained	main-figure renderers and verification	required calculation/drawing/verification field or cohort linkage key
input_014	xmin	retained	main-figure renderers and verification	required calculation/drawing/verification field or cohort linkage key
input_014	xmax	retained	main-figure renderers and verification	required calculation/drawing/verification field or cohort linkage key
input_014	order	retained	main-figure renderers and verification	required calculation/drawing/verification field or cohort linkage key
input_014	ymax	retained	main-figure renderers and verification	required calculation/drawing/verification field or cohort linkage key
input_014	weight	retained	main-figure renderers and verification	required calculation/drawing/verification field or cohort linkage key
input_014	colour	retained	main-figure renderers and verification	required calculation/drawing/verification field or cohort linkage key
input_014	linewidth	retained	main-figure renderers and verification	required calculation/drawing/verification field or cohort linkage key
input_014	linetype	retained	main-figure renderers and verification	required calculation/drawing/verification field or cohort linkage key
input_014	alpha	retained	main-figure renderers and verification	required calculation/drawing/verification field or cohort linkage key
input_015	PL_Group	retained	main-figure renderers and verification	required calculation/drawing/verification field or cohort linkage key
input_015	Subtype_Final	retained	main-figure renderers and verification	required calculation/drawing/verification field or cohort linkage key
input_015	n	retained	main-figure renderers and verification	required calculation/drawing/verification field or cohort linkage key
input_015	group_total	retained	main-figure renderers and verification	required calculation/drawing/verification field or cohort linkage key
input_015	percent_within_group	retained	main-figure renderers and verification	required calculation/drawing/verification field or cohort linkage key
input_016	subtype	retired_file	none in current entrypoints	unused by current figures; preserved only in private migration snapshot
input_016	category	retired_file	none in current entrypoints	unused by current figures; preserved only in private migration snapshot
input_016	n	retired_file	none in current entrypoints	unused by current figures; preserved only in private migration snapshot
input_016	denominator	retired_file	none in current entrypoints	unused by current figures; preserved only in private migration snapshot
input_016	prevalence	retired_file	none in current entrypoints	unused by current figures; preserved only in private migration snapshot
input_016	radius_mm	retired_file	none in current entrypoints	unused by current figures; preserved only in private migration snapshot
input_017	panel	retired_file	none in current entrypoints	unused by current figures; preserved only in private migration snapshot
input_017	original_display_index	retired_file	none in current entrypoints	unused by current figures; preserved only in private migration snapshot
input_017	full_label	retired_file	none in current entrypoints	unused by current figures; preserved only in private migration snapshot
input_017	event_type	retired_file	none in current entrypoints	unused by current figures; preserved only in private migration snapshot
input_017	prevalence_percent	retired_file	none in current entrypoints	unused by current figures; preserved only in private migration snapshot
input_017	selected	retired_file	none in current entrypoints	unused by current figures; preserved only in private migration snapshot
input_017	shared_with	retired_file	none in current entrypoints	unused by current figures; preserved only in private migration snapshot
input_017	source_event	retired_file	none in current entrypoints	unused by current figures; preserved only in private migration snapshot
input_017	source_id	retired_file	none in current entrypoints	unused by current figures; preserved only in private migration snapshot
input_017	chromosome	retired_file	none in current entrypoints	unused by current figures; preserved only in private migration snapshot
input_017	start	retired_file	none in current entrypoints	unused by current figures; preserved only in private migration snapshot
input_017	end	retired_file	none in current entrypoints	unused by current figures; preserved only in private migration snapshot
input_018	panel	retired_file	none in current entrypoints	unused by current figures; preserved only in private migration snapshot
input_018	original_display_index	retired_file	none in current entrypoints	unused by current figures; preserved only in private migration snapshot
input_018	label	retired_file	none in current entrypoints	unused by current figures; preserved only in private migration snapshot
input_018	event_type	retired_file	none in current entrypoints	unused by current figures; preserved only in private migration snapshot
input_018	other_panel	retired_file	none in current entrypoints	unused by current figures; preserved only in private migration snapshot
input_018	other_display_index	retired_file	none in current entrypoints	unused by current figures; preserved only in private migration snapshot
input_018	other_label	retired_file	none in current entrypoints	unused by current figures; preserved only in private migration snapshot
input_018	overlap_bp	retired_file	none in current entrypoints	unused by current figures; preserved only in private migration snapshot
input_019	panel	retired_file	none in current entrypoints	unused by current figures; preserved only in private migration snapshot
input_019	display_index	retired_file	none in current entrypoints	unused by current figures; preserved only in private migration snapshot
input_019	short_label	retired_file	none in current entrypoints	unused by current figures; preserved only in private migration snapshot
input_019	full_label	retired_file	none in current entrypoints	unused by current figures; preserved only in private migration snapshot
input_019	event_type	retired_file	none in current entrypoints	unused by current figures; preserved only in private migration snapshot
input_019	prevalence_percent	retired_file	none in current entrypoints	unused by current figures; preserved only in private migration snapshot
input_019	median_plotpos	retired_file	none in current entrypoints	unused by current figures; preserved only in private migration snapshot
input_019	saved_realizations	retired_file	none in current entrypoints	unused by current figures; preserved only in private migration snapshot
input_020	event	retained	main-figure renderers and verification	required calculation/drawing/verification field or cohort linkage key
input_020	value	retained	main-figure renderers and verification	required calculation/drawing/verification field or cohort linkage key
input_020	noevent	retained	main-figure renderers and verification	required calculation/drawing/verification field or cohort linkage key
input_020	ID	retained	main-figure renderers and verification	required calculation/drawing/verification field or cohort linkage key
input_020	cna	retained	main-figure renderers and verification	required calculation/drawing/verification field or cohort linkage key
input_020	freq	retained	main-figure renderers and verification	required calculation/drawing/verification field or cohort linkage key
input_020	plotpos	retained	main-figure renderers and verification	required calculation/drawing/verification field or cohort linkage key
input_020	display_index	retained	main-figure renderers and verification	required calculation/drawing/verification field or cohort linkage key
input_021	x	retained	main-figure renderers and verification	required calculation/drawing/verification field or cohort linkage key
input_021	y	retained	main-figure renderers and verification	required calculation/drawing/verification field or cohort linkage key
input_021	violinwidth	retained	main-figure renderers and verification	required calculation/drawing/verification field or cohort linkage key
input_022	panel	retired_file	none in current entrypoints	unused by current figures; preserved only in private migration snapshot
input_022	display_index	retired_file	none in current entrypoints	unused by current figures; preserved only in private migration snapshot
input_022	short_label	retired_file	none in current entrypoints	unused by current figures; preserved only in private migration snapshot
input_022	full_label	retired_file	none in current entrypoints	unused by current figures; preserved only in private migration snapshot
input_022	event_type	retired_file	none in current entrypoints	unused by current figures; preserved only in private migration snapshot
input_022	prevalence_percent	retired_file	none in current entrypoints	unused by current figures; preserved only in private migration snapshot
input_022	median_plotpos	retired_file	none in current entrypoints	unused by current figures; preserved only in private migration snapshot
input_022	saved_realizations	retired_file	none in current entrypoints	unused by current figures; preserved only in private migration snapshot
input_023	event	retained	main-figure renderers and verification	required calculation/drawing/verification field or cohort linkage key
input_023	value	retained	main-figure renderers and verification	required calculation/drawing/verification field or cohort linkage key
input_023	noevent	retained	main-figure renderers and verification	required calculation/drawing/verification field or cohort linkage key
input_023	ID	retained	main-figure renderers and verification	required calculation/drawing/verification field or cohort linkage key
input_023	cna	retained	main-figure renderers and verification	required calculation/drawing/verification field or cohort linkage key
input_023	freq	retained	main-figure renderers and verification	required calculation/drawing/verification field or cohort linkage key
input_023	plotpos	retained	main-figure renderers and verification	required calculation/drawing/verification field or cohort linkage key
input_023	display_index	retained	main-figure renderers and verification	required calculation/drawing/verification field or cohort linkage key
input_024	x	retained	main-figure renderers and verification	required calculation/drawing/verification field or cohort linkage key
input_024	y	retained	main-figure renderers and verification	required calculation/drawing/verification field or cohort linkage key
input_024	violinwidth	retained	main-figure renderers and verification	required calculation/drawing/verification field or cohort linkage key
input_025	time	retired_file	none in current entrypoints	unused by current figures; preserved only in private migration snapshot
input_025	surv	retired_file	none in current entrypoints	unused by current figures; preserved only in private migration snapshot
input_025	lower	retired_file	none in current entrypoints	unused by current figures; preserved only in private migration snapshot
input_025	upper	retired_file	none in current entrypoints	unused by current figures; preserved only in private migration snapshot
input_025	nc	retired_file	none in current entrypoints	unused by current figures; preserved only in private migration snapshot
input_025	g	retired_file	none in current entrypoints	unused by current figures; preserved only in private migration snapshot
input_026	time	retired_file	none in current entrypoints	unused by current figures; preserved only in private migration snapshot
input_026	n	retired_file	none in current entrypoints	unused by current figures; preserved only in private migration snapshot
input_026	g	retired_file	none in current entrypoints	unused by current figures; preserved only in private migration snapshot
input_026	label	retired_file	none in current entrypoints	unused by current figures; preserved only in private migration snapshot
input_027	term	retired_file	none in current entrypoints	unused by current figures; preserved only in private migration snapshot
input_027	estimate	retired_file	none in current entrypoints	unused by current figures; preserved only in private migration snapshot
input_027	p.value	retired_file	none in current entrypoints	unused by current figures; preserved only in private migration snapshot
input_027	conf.low	retired_file	none in current entrypoints	unused by current figures; preserved only in private migration snapshot
input_027	conf.high	retired_file	none in current entrypoints	unused by current figures; preserved only in private migration snapshot
input_027	label	retired_file	none in current entrypoints	unused by current figures; preserved only in private migration snapshot
input_027	sig	retired_file	none in current entrypoints	unused by current figures; preserved only in private migration snapshot
input_027	plot_label	retired_file	none in current entrypoints	unused by current figures; preserved only in private migration snapshot
input_027	original_estimate	retired_file	none in current entrypoints	unused by current figures; preserved only in private migration snapshot
input_027	original_conf_low	retired_file	none in current entrypoints	unused by current figures; preserved only in private migration snapshot
input_027	original_conf_high	retired_file	none in current entrypoints	unused by current figures; preserved only in private migration snapshot
input_027	original_label	retired_file	none in current entrypoints	unused by current figures; preserved only in private migration snapshot
input_027	contrast_reversed	retired_file	none in current entrypoints	unused by current figures; preserved only in private migration snapshot
input_028	Evo_Group	retired_file	none in current entrypoints	unused by current figures; preserved only in private migration snapshot
input_028	event	retired_file	none in current entrypoints	unused by current figures; preserved only in private migration snapshot
input_028	n	retired_file	none in current entrypoints	unused by current figures; preserved only in private migration snapshot
input_028	denominator	retired_file	none in current entrypoints	unused by current figures; preserved only in private migration snapshot
input_028	percent	retired_file	none in current entrypoints	unused by current figures; preserved only in private migration snapshot
input_029	Tumor_Barcode	retired_file	none in current entrypoints	unused by current figures; preserved only in private migration snapshot
input_029	Evo_Group	retired_file	none in current entrypoints	unused by current figures; preserved only in private migration snapshot
input_029	ID	retired_file	none in current entrypoints	unused by current figures; preserved only in private migration snapshot
input_029	CNA	retired_file	none in current entrypoints	unused by current figures; preserved only in private migration snapshot
input_029	startpos	retired_file	none in current entrypoints	unused by current figures; preserved only in private migration snapshot
input_029	endpos	retired_file	none in current entrypoints	unused by current figures; preserved only in private migration snapshot
input_030	Tumor_Barcode	retired_file	none in current entrypoints	unused by current figures; preserved only in private migration snapshot
input_030	Evo_Group	retired_file	none in current entrypoints	unused by current figures; preserved only in private migration snapshot
input_030	Mutation	retired_file	none in current entrypoints	unused by current figures; preserved only in private migration snapshot
input_030	LOH	retired_file	none in current entrypoints	unused by current figures; preserved only in private migration snapshot
input_030	Gain	retired_file	none in current entrypoints	unused by current figures; preserved only in private migration snapshot
input_030	Alteration	retired_file	none in current entrypoints	unused by current figures; preserved only in private migration snapshot
input_031	Tumor_Barcode	retired_file	none in current entrypoints	unused by current figures; preserved only in private migration snapshot
input_031	Gene	retired_file	none in current entrypoints	unused by current figures; preserved only in private migration snapshot
input_031	old	retired_file	none in current entrypoints	unused by current figures; preserved only in private migration snapshot
input_031	new	retired_file	none in current entrypoints	unused by current figures; preserved only in private migration snapshot
input_032	Subject	retired_file	none in current entrypoints	unused by current figures; preserved only in private migration snapshot
input_032	Tumor_Barcode	retired_file	none in current entrypoints	unused by current figures; preserved only in private migration snapshot
input_032	Gene	retired_file	none in current entrypoints	unused by current figures; preserved only in private migration snapshot
input_032	Alteration	retired_file	none in current entrypoints	unused by current figures; preserved only in private migration snapshot
input_032	Type	retired_file	none in current entrypoints	unused by current figures; preserved only in private migration snapshot
input_033	Tumor_Barcode	retired_file	none in current entrypoints	unused by current figures; preserved only in private migration snapshot
input_033	Feature_ID	retired_file	none in current entrypoints	unused by current figures; preserved only in private migration snapshot
input_033	x	retired_file	none in current entrypoints	unused by current figures; preserved only in private migration snapshot
input_033	y	retired_file	none in current entrypoints	unused by current figures; preserved only in private migration snapshot
input_033	tile_height	retired_file	none in current entrypoints	unused by current figures; preserved only in private migration snapshot
input_033	Alteration	retired_file	none in current entrypoints	unused by current figures; preserved only in private migration snapshot
input_033	n_segments	retired_file	none in current entrypoints	unused by current figures; preserved only in private migration snapshot
input_033	segment	retired_file	none in current entrypoints	unused by current figures; preserved only in private migration snapshot
input_033	xmin	retired_file	none in current entrypoints	unused by current figures; preserved only in private migration snapshot
input_033	xmax	retired_file	none in current entrypoints	unused by current figures; preserved only in private migration snapshot
input_033	ymin	retired_file	none in current entrypoints	unused by current figures; preserved only in private migration snapshot
input_033	ymax	retired_file	none in current entrypoints	unused by current figures; preserved only in private migration snapshot
input_034	Tumor_Barcode	retired_file	none in current entrypoints	unused by current figures; preserved only in private migration snapshot
input_034	Evo_Group	retired_file	none in current entrypoints	unused by current figures; preserved only in private migration snapshot
input_035	total_cn_display	retired_file	none in current entrypoints	unused by current figures; preserved only in private migration snapshot
input_035	Evo_Group	retired_file	none in current entrypoints	unused by current figures; preserved only in private migration snapshot
input_035	mutant_copies_display	retired_file	none in current entrypoints	unused by current figures; preserved only in private migration snapshot
input_036	panel	retired_file	none in current entrypoints	unused by current figures; preserved only in private migration snapshot
input_036	display_index	retired_file	none in current entrypoints	unused by current figures; preserved only in private migration snapshot
input_036	short_label	retired_file	none in current entrypoints	unused by current figures; preserved only in private migration snapshot
input_036	full_label	retired_file	none in current entrypoints	unused by current figures; preserved only in private migration snapshot
input_036	event_type	retired_file	none in current entrypoints	unused by current figures; preserved only in private migration snapshot
input_036	prevalence_percent	retired_file	none in current entrypoints	unused by current figures; preserved only in private migration snapshot
input_036	median_plotpos	retired_file	none in current entrypoints	unused by current figures; preserved only in private migration snapshot
input_036	saved_realizations	retired_file	none in current entrypoints	unused by current figures; preserved only in private migration snapshot
input_037	event	retained	main-figure renderers and verification	required calculation/drawing/verification field or cohort linkage key
input_037	value	retained	main-figure renderers and verification	required calculation/drawing/verification field or cohort linkage key
input_037	noevent	retained	main-figure renderers and verification	required calculation/drawing/verification field or cohort linkage key
input_037	ID	retained	main-figure renderers and verification	required calculation/drawing/verification field or cohort linkage key
input_037	cna	retained	main-figure renderers and verification	required calculation/drawing/verification field or cohort linkage key
input_037	freq	retained	main-figure renderers and verification	required calculation/drawing/verification field or cohort linkage key
input_037	plotpos	retained	main-figure renderers and verification	required calculation/drawing/verification field or cohort linkage key
input_037	display_index	retained	main-figure renderers and verification	required calculation/drawing/verification field or cohort linkage key
input_038	x	retained	main-figure renderers and verification	required calculation/drawing/verification field or cohort linkage key
input_038	density	retained	main-figure renderers and verification	required calculation/drawing/verification field or cohort linkage key
input_038	scaled	retained	main-figure renderers and verification	required calculation/drawing/verification field or cohort linkage key
input_038	ndensity	retained	main-figure renderers and verification	required calculation/drawing/verification field or cohort linkage key
input_038	count	retained	main-figure renderers and verification	required calculation/drawing/verification field or cohort linkage key
input_038	wdensity	retained	main-figure renderers and verification	required calculation/drawing/verification field or cohort linkage key
input_038	n	retained	main-figure renderers and verification	required calculation/drawing/verification field or cohort linkage key
input_038	y	retained	main-figure renderers and verification	required calculation/drawing/verification field or cohort linkage key
input_038	width	retained	main-figure renderers and verification	required calculation/drawing/verification field or cohort linkage key
input_038	quantile	retained	main-figure renderers and verification	required calculation/drawing/verification field or cohort linkage key
input_038	fill	retained	main-figure renderers and verification	required calculation/drawing/verification field or cohort linkage key
input_038	PANEL	retained	main-figure renderers and verification	required calculation/drawing/verification field or cohort linkage key
input_038	group	retained	main-figure renderers and verification	required calculation/drawing/verification field or cohort linkage key
input_038	violinwidth	retained	main-figure renderers and verification	required calculation/drawing/verification field or cohort linkage key
input_038	flipped_aes	retained	main-figure renderers and verification	required calculation/drawing/verification field or cohort linkage key
input_038	xmin	retained	main-figure renderers and verification	required calculation/drawing/verification field or cohort linkage key
input_038	xmax	retained	main-figure renderers and verification	required calculation/drawing/verification field or cohort linkage key
input_038	order	retained	main-figure renderers and verification	required calculation/drawing/verification field or cohort linkage key
input_038	ymax	retained	main-figure renderers and verification	required calculation/drawing/verification field or cohort linkage key
input_038	weight	retained	main-figure renderers and verification	required calculation/drawing/verification field or cohort linkage key
input_038	colour	retained	main-figure renderers and verification	required calculation/drawing/verification field or cohort linkage key
input_038	linewidth	retained	main-figure renderers and verification	required calculation/drawing/verification field or cohort linkage key
input_038	linetype	retained	main-figure renderers and verification	required calculation/drawing/verification field or cohort linkage key
input_038	alpha	retained	main-figure renderers and verification	required calculation/drawing/verification field or cohort linkage key
input_039	panel	retired_file	none in current entrypoints	unused by current figures; preserved only in private migration snapshot
input_039	display_index	retired_file	none in current entrypoints	unused by current figures; preserved only in private migration snapshot
input_039	short_label	retired_file	none in current entrypoints	unused by current figures; preserved only in private migration snapshot
input_039	full_label	retired_file	none in current entrypoints	unused by current figures; preserved only in private migration snapshot
input_039	event_type	retired_file	none in current entrypoints	unused by current figures; preserved only in private migration snapshot
input_039	prevalence_percent	retired_file	none in current entrypoints	unused by current figures; preserved only in private migration snapshot
input_039	median_plotpos	retired_file	none in current entrypoints	unused by current figures; preserved only in private migration snapshot
input_039	saved_realizations	retired_file	none in current entrypoints	unused by current figures; preserved only in private migration snapshot
input_040	event	retained	main-figure renderers and verification	required calculation/drawing/verification field or cohort linkage key
input_040	value	retained	main-figure renderers and verification	required calculation/drawing/verification field or cohort linkage key
input_040	noevent	retained	main-figure renderers and verification	required calculation/drawing/verification field or cohort linkage key
input_040	ID	retained	main-figure renderers and verification	required calculation/drawing/verification field or cohort linkage key
input_040	cna	retained	main-figure renderers and verification	required calculation/drawing/verification field or cohort linkage key
input_040	freq	retained	main-figure renderers and verification	required calculation/drawing/verification field or cohort linkage key
input_040	plotpos	retained	main-figure renderers and verification	required calculation/drawing/verification field or cohort linkage key
input_040	display_index	retained	main-figure renderers and verification	required calculation/drawing/verification field or cohort linkage key
input_041	x	retained	main-figure renderers and verification	required calculation/drawing/verification field or cohort linkage key
input_041	density	retained	main-figure renderers and verification	required calculation/drawing/verification field or cohort linkage key
input_041	scaled	retained	main-figure renderers and verification	required calculation/drawing/verification field or cohort linkage key
input_041	ndensity	retained	main-figure renderers and verification	required calculation/drawing/verification field or cohort linkage key
input_041	count	retained	main-figure renderers and verification	required calculation/drawing/verification field or cohort linkage key
input_041	wdensity	retained	main-figure renderers and verification	required calculation/drawing/verification field or cohort linkage key
input_041	n	retained	main-figure renderers and verification	required calculation/drawing/verification field or cohort linkage key
input_041	y	retained	main-figure renderers and verification	required calculation/drawing/verification field or cohort linkage key
input_041	width	retained	main-figure renderers and verification	required calculation/drawing/verification field or cohort linkage key
input_041	quantile	retained	main-figure renderers and verification	required calculation/drawing/verification field or cohort linkage key
input_041	fill	retained	main-figure renderers and verification	required calculation/drawing/verification field or cohort linkage key
input_041	PANEL	retained	main-figure renderers and verification	required calculation/drawing/verification field or cohort linkage key
input_041	group	retained	main-figure renderers and verification	required calculation/drawing/verification field or cohort linkage key
input_041	violinwidth	retained	main-figure renderers and verification	required calculation/drawing/verification field or cohort linkage key
input_041	flipped_aes	retained	main-figure renderers and verification	required calculation/drawing/verification field or cohort linkage key
input_041	xmin	retained	main-figure renderers and verification	required calculation/drawing/verification field or cohort linkage key
input_041	xmax	retained	main-figure renderers and verification	required calculation/drawing/verification field or cohort linkage key
input_041	order	retained	main-figure renderers and verification	required calculation/drawing/verification field or cohort linkage key
input_041	ymax	retained	main-figure renderers and verification	required calculation/drawing/verification field or cohort linkage key
input_041	weight	retained	main-figure renderers and verification	required calculation/drawing/verification field or cohort linkage key
input_041	colour	retained	main-figure renderers and verification	required calculation/drawing/verification field or cohort linkage key
input_041	linewidth	retained	main-figure renderers and verification	required calculation/drawing/verification field or cohort linkage key
input_041	linetype	retained	main-figure renderers and verification	required calculation/drawing/verification field or cohort linkage key
input_041	alpha	retained	main-figure renderers and verification	required calculation/drawing/verification field or cohort linkage key
input_042	panel	retired_file	none in current entrypoints	unused by current figures; preserved only in private migration snapshot
input_042	display_index	retired_file	none in current entrypoints	unused by current figures; preserved only in private migration snapshot
input_042	short_label	retired_file	none in current entrypoints	unused by current figures; preserved only in private migration snapshot
input_042	full_label	retired_file	none in current entrypoints	unused by current figures; preserved only in private migration snapshot
input_042	event_type	retired_file	none in current entrypoints	unused by current figures; preserved only in private migration snapshot
input_042	prevalence_percent	retired_file	none in current entrypoints	unused by current figures; preserved only in private migration snapshot
input_042	median_plotpos	retired_file	none in current entrypoints	unused by current figures; preserved only in private migration snapshot
input_042	saved_realizations	retired_file	none in current entrypoints	unused by current figures; preserved only in private migration snapshot
input_043	event	retained	main-figure renderers and verification	required calculation/drawing/verification field or cohort linkage key
input_043	value	retained	main-figure renderers and verification	required calculation/drawing/verification field or cohort linkage key
input_043	noevent	retained	main-figure renderers and verification	required calculation/drawing/verification field or cohort linkage key
input_043	ID	retained	main-figure renderers and verification	required calculation/drawing/verification field or cohort linkage key
input_043	cna	retained	main-figure renderers and verification	required calculation/drawing/verification field or cohort linkage key
input_043	freq	retained	main-figure renderers and verification	required calculation/drawing/verification field or cohort linkage key
input_043	plotpos	retained	main-figure renderers and verification	required calculation/drawing/verification field or cohort linkage key
input_043	display_index	retained	main-figure renderers and verification	required calculation/drawing/verification field or cohort linkage key
input_044	x	retained	main-figure renderers and verification	required calculation/drawing/verification field or cohort linkage key
input_044	density	retained	main-figure renderers and verification	required calculation/drawing/verification field or cohort linkage key
input_044	scaled	retained	main-figure renderers and verification	required calculation/drawing/verification field or cohort linkage key
input_044	ndensity	retained	main-figure renderers and verification	required calculation/drawing/verification field or cohort linkage key
input_044	count	retained	main-figure renderers and verification	required calculation/drawing/verification field or cohort linkage key
input_044	wdensity	retained	main-figure renderers and verification	required calculation/drawing/verification field or cohort linkage key
input_044	n	retained	main-figure renderers and verification	required calculation/drawing/verification field or cohort linkage key
input_044	y	retained	main-figure renderers and verification	required calculation/drawing/verification field or cohort linkage key
input_044	width	retained	main-figure renderers and verification	required calculation/drawing/verification field or cohort linkage key
input_044	quantile	retained	main-figure renderers and verification	required calculation/drawing/verification field or cohort linkage key
input_044	fill	retained	main-figure renderers and verification	required calculation/drawing/verification field or cohort linkage key
input_044	PANEL	retained	main-figure renderers and verification	required calculation/drawing/verification field or cohort linkage key
input_044	group	retained	main-figure renderers and verification	required calculation/drawing/verification field or cohort linkage key
input_044	violinwidth	retained	main-figure renderers and verification	required calculation/drawing/verification field or cohort linkage key
input_044	flipped_aes	retained	main-figure renderers and verification	required calculation/drawing/verification field or cohort linkage key
input_044	xmin	retained	main-figure renderers and verification	required calculation/drawing/verification field or cohort linkage key
input_044	xmax	retained	main-figure renderers and verification	required calculation/drawing/verification field or cohort linkage key
input_044	order	retained	main-figure renderers and verification	required calculation/drawing/verification field or cohort linkage key
input_044	ymax	retained	main-figure renderers and verification	required calculation/drawing/verification field or cohort linkage key
input_044	weight	retained	main-figure renderers and verification	required calculation/drawing/verification field or cohort linkage key
input_044	colour	retained	main-figure renderers and verification	required calculation/drawing/verification field or cohort linkage key
input_044	linewidth	retained	main-figure renderers and verification	required calculation/drawing/verification field or cohort linkage key
input_044	linetype	retained	main-figure renderers and verification	required calculation/drawing/verification field or cohort linkage key
input_044	alpha	retained	main-figure renderers and verification	required calculation/drawing/verification field or cohort linkage key
input_045	Tumour_Name	retained	functions/R/render_figure2.R	required calculation/drawing/verification field or cohort linkage key
input_045	chr	retained	functions/R/render_figure2.R	required calculation/drawing/verification field or cohort linkage key
input_045	startpos	retained	functions/R/render_figure2.R	required calculation/drawing/verification field or cohort linkage key
input_045	endpos	retained	functions/R/render_figure2.R	required calculation/drawing/verification field or cohort linkage key
input_045	nMaj1_A	removed	functions/R/render_figure2.R	unused by current figures; preserved only in private migration snapshot
input_045	nMin1_A	removed	functions/R/render_figure2.R	unused by current figures; preserved only in private migration snapshot
input_045	tumour_ploidy	removed	functions/R/render_figure2.R	unused by current figures; preserved only in private migration snapshot
input_045	CNA	retained	functions/R/render_figure2.R	required calculation/drawing/verification field or cohort linkage key
input_045	noevent	removed	functions/R/render_figure2.R	unused by current figures; preserved only in private migration snapshot
input_045	w.mean	removed	functions/R/render_figure2.R	unused by current figures; preserved only in private migration snapshot
input_045	ID	retained	functions/R/render_figure2.R	required calculation/drawing/verification field or cohort linkage key
input_045	no.chr.bearing.mut	removed	functions/R/render_figure2.R	unused by current figures; preserved only in private migration snapshot
input_046	Tumour_Name	retained	functions/R/render_figure2.R	required calculation/drawing/verification field or cohort linkage key
input_046	chr	retained	functions/R/render_figure2.R	required calculation/drawing/verification field or cohort linkage key
input_046	startpos	retained	functions/R/render_figure2.R	required calculation/drawing/verification field or cohort linkage key
input_046	endpos	retained	functions/R/render_figure2.R	required calculation/drawing/verification field or cohort linkage key
input_046	nMaj1_A	removed	functions/R/render_figure2.R	unused by current figures; preserved only in private migration snapshot
input_046	nMin1_A	removed	functions/R/render_figure2.R	unused by current figures; preserved only in private migration snapshot
input_046	tumour_ploidy	removed	functions/R/render_figure2.R	unused by current figures; preserved only in private migration snapshot
input_046	CNA	retained	functions/R/render_figure2.R	required calculation/drawing/verification field or cohort linkage key
input_046	noevent	removed	functions/R/render_figure2.R	unused by current figures; preserved only in private migration snapshot
input_046	w.mean	removed	functions/R/render_figure2.R	unused by current figures; preserved only in private migration snapshot
input_046	ID	retained	functions/R/render_figure2.R	required calculation/drawing/verification field or cohort linkage key
input_046	no.chr.bearing.mut	removed	functions/R/render_figure2.R	unused by current figures; preserved only in private migration snapshot
input_047	Sample name	removed	functions/python/ac2_aggregate.py; functions/R/ac2_statistics.R; figure5 renderers	unused by current figures; preserved only in private migration snapshot
input_047	AA amplicon number	removed	functions/python/ac2_aggregate.py; functions/R/ac2_statistics.R; figure5 renderers	unused by current figures; preserved only in private migration snapshot
input_047	Feature ID	retained	functions/python/ac2_aggregate.py; functions/R/ac2_statistics.R; figure5 renderers	required calculation/drawing/verification field or cohort linkage key
input_047	Classification	retained	functions/python/ac2_aggregate.py; functions/R/ac2_statistics.R; figure5 renderers	required calculation/drawing/verification field or cohort linkage key
input_047	FAN probability	removed	functions/python/ac2_aggregate.py; functions/R/ac2_statistics.R; figure5 renderers	unused by current figures; preserved only in private migration snapshot
input_047	Contains viral	removed	functions/python/ac2_aggregate.py; functions/R/ac2_statistics.R; figure5 renderers	unused by current figures; preserved only in private migration snapshot
input_047	Location	removed	functions/python/ac2_aggregate.py; functions/R/ac2_statistics.R; figure5 renderers	unused by current figures; preserved only in private migration snapshot
input_047	Oncogenes	retained	functions/python/ac2_aggregate.py; functions/R/ac2_statistics.R; figure5 renderers	required calculation/drawing/verification field or cohort linkage key
input_047	All genes	retained	functions/python/ac2_aggregate.py; functions/R/ac2_statistics.R; figure5 renderers	required calculation/drawing/verification field or cohort linkage key
input_047	NCBI Gene IDs	removed	functions/python/ac2_aggregate.py; functions/R/ac2_statistics.R; figure5 renderers	unused by current figures; preserved only in private migration snapshot
input_047	Complexity score	removed	functions/python/ac2_aggregate.py; functions/R/ac2_statistics.R; figure5 renderers	unused by current figures; preserved only in private migration snapshot
input_047	ecDNA context	removed	functions/python/ac2_aggregate.py; functions/R/ac2_statistics.R; figure5 renderers	unused by current figures; preserved only in private migration snapshot
input_047	Captured interval length	removed	functions/python/ac2_aggregate.py; functions/R/ac2_statistics.R; figure5 renderers	unused by current figures; preserved only in private migration snapshot
input_047	Feature median copy number	removed	functions/python/ac2_aggregate.py; functions/R/ac2_statistics.R; figure5 renderers	unused by current figures; preserved only in private migration snapshot
input_047	Feature maximum copy number	removed	functions/python/ac2_aggregate.py; functions/R/ac2_statistics.R; figure5 renderers	unused by current figures; preserved only in private migration snapshot
input_047	Filter flag	removed	functions/python/ac2_aggregate.py; functions/R/ac2_statistics.R; figure5 renderers	unused by current figures; preserved only in private migration snapshot
input_047	Reference version	removed	functions/python/ac2_aggregate.py; functions/R/ac2_statistics.R; figure5 renderers	unused by current figures; preserved only in private migration snapshot
input_047	Tissue of origin	removed	functions/python/ac2_aggregate.py; functions/R/ac2_statistics.R; figure5 renderers	unused by current figures; preserved only in private migration snapshot
input_047	Sample type	removed	functions/python/ac2_aggregate.py; functions/R/ac2_statistics.R; figure5 renderers	unused by current figures; preserved only in private migration snapshot
input_047	Feature BED file	removed	functions/python/ac2_aggregate.py; functions/R/ac2_statistics.R; figure5 renderers	unused by current figures; preserved only in private migration snapshot
input_047	CNV BED file	removed	functions/python/ac2_aggregate.py; functions/R/ac2_statistics.R; figure5 renderers	unused by current figures; preserved only in private migration snapshot
input_047	AS-p version	removed	functions/python/ac2_aggregate.py; functions/R/ac2_statistics.R; figure5 renderers	unused by current figures; preserved only in private migration snapshot
input_047	AA version	removed	functions/python/ac2_aggregate.py; functions/R/ac2_statistics.R; figure5 renderers	unused by current figures; preserved only in private migration snapshot
input_047	AC version	removed	functions/python/ac2_aggregate.py; functions/R/ac2_statistics.R; figure5 renderers	unused by current figures; preserved only in private migration snapshot
input_047	AA PNG file	removed	functions/python/ac2_aggregate.py; functions/R/ac2_statistics.R; figure5 renderers	unused by current figures; preserved only in private migration snapshot
input_047	AA PDF file	removed	functions/python/ac2_aggregate.py; functions/R/ac2_statistics.R; figure5 renderers	unused by current figures; preserved only in private migration snapshot
input_047	AA summary file	removed	functions/python/ac2_aggregate.py; functions/R/ac2_statistics.R; figure5 renderers	unused by current figures; preserved only in private migration snapshot
input_047	Run metadata JSON	removed	functions/python/ac2_aggregate.py; functions/R/ac2_statistics.R; figure5 renderers	unused by current figures; preserved only in private migration snapshot
input_047	Sample metadata JSON	removed	functions/python/ac2_aggregate.py; functions/R/ac2_statistics.R; figure5 renderers	unused by current figures; preserved only in private migration snapshot
input_047	Subject	retained	functions/python/ac2_aggregate.py; functions/R/ac2_statistics.R; figure5 renderers	required calculation/drawing/verification field or cohort linkage key
input_047	Tumor_Barcode	retained	functions/python/ac2_aggregate.py; functions/R/ac2_statistics.R; figure5 renderers	required calculation/drawing/verification field or cohort linkage key
input_047	Tumor_Type	removed	functions/python/ac2_aggregate.py; functions/R/ac2_statistics.R; figure5 renderers	unused by current figures; preserved only in private migration snapshot
input_047	Subtype_Final	removed	functions/python/ac2_aggregate.py; functions/R/ac2_statistics.R; figure5 renderers	unused by current figures; preserved only in private migration snapshot
input_047	filter_passing	retained	functions/python/ac2_aggregate.py; functions/R/ac2_statistics.R; figure5 renderers	required calculation/drawing/verification field or cohort linkage key
input_047	max_cn	retained	functions/python/ac2_aggregate.py; functions/R/ac2_statistics.R; figure5 renderers	required calculation/drawing/verification field or cohort linkage key
input_047	context	retained	functions/python/ac2_aggregate.py; functions/R/ac2_statistics.R; figure5 renderers	required calculation/drawing/verification field or cohort linkage key
input_048	Subject	retained	functions/python/ac2_aggregate.py; functions/R/ac2_statistics.R; figure5 renderers	required calculation/drawing/verification field or cohort linkage key
input_048	DN_Group	retained	functions/python/ac2_aggregate.py; functions/R/ac2_statistics.R; figure5 renderers	required calculation/drawing/verification field or cohort linkage key
input_048	n_linear	retained	functions/python/ac2_aggregate.py; functions/R/ac2_statistics.R; figure5 renderers	required calculation/drawing/verification field or cohort linkage key
input_048	n_ecDNA	retained	functions/python/ac2_aggregate.py; functions/R/ac2_statistics.R; figure5 renderers	required calculation/drawing/verification field or cohort linkage key
input_048	n_BFB	retained	functions/python/ac2_aggregate.py; functions/R/ac2_statistics.R; figure5 renderers	required calculation/drawing/verification field or cohort linkage key
input_048	n_complex_non_cyclic	retained	functions/python/ac2_aggregate.py; functions/R/ac2_statistics.R; figure5 renderers	required calculation/drawing/verification field or cohort linkage key
input_048	n_FAN	retained	functions/python/ac2_aggregate.py; functions/R/ac2_statistics.R; figure5 renderers	required calculation/drawing/verification field or cohort linkage key
input_049	Sample name	removed	functions/python/ac2_aggregate.py; functions/R/ac2_statistics.R; figure5 renderers	unused by current figures; preserved only in private migration snapshot
input_049	AA amplicon number	removed	functions/python/ac2_aggregate.py; functions/R/ac2_statistics.R; figure5 renderers	unused by current figures; preserved only in private migration snapshot
input_049	Feature ID	retained	functions/python/ac2_aggregate.py; functions/R/ac2_statistics.R; figure5 renderers	required calculation/drawing/verification field or cohort linkage key
input_049	Classification	retained	functions/python/ac2_aggregate.py; functions/R/ac2_statistics.R; figure5 renderers	required calculation/drawing/verification field or cohort linkage key
input_049	FAN probability	removed	functions/python/ac2_aggregate.py; functions/R/ac2_statistics.R; figure5 renderers	unused by current figures; preserved only in private migration snapshot
input_049	Contains viral	removed	functions/python/ac2_aggregate.py; functions/R/ac2_statistics.R; figure5 renderers	unused by current figures; preserved only in private migration snapshot
input_049	Location	removed	functions/python/ac2_aggregate.py; functions/R/ac2_statistics.R; figure5 renderers	unused by current figures; preserved only in private migration snapshot
input_049	Oncogenes	retained	functions/python/ac2_aggregate.py; functions/R/ac2_statistics.R; figure5 renderers	required calculation/drawing/verification field or cohort linkage key
input_049	All genes	retained	functions/python/ac2_aggregate.py; functions/R/ac2_statistics.R; figure5 renderers	required calculation/drawing/verification field or cohort linkage key
input_049	NCBI Gene IDs	removed	functions/python/ac2_aggregate.py; functions/R/ac2_statistics.R; figure5 renderers	unused by current figures; preserved only in private migration snapshot
input_049	Complexity score	removed	functions/python/ac2_aggregate.py; functions/R/ac2_statistics.R; figure5 renderers	unused by current figures; preserved only in private migration snapshot
input_049	ecDNA context	removed	functions/python/ac2_aggregate.py; functions/R/ac2_statistics.R; figure5 renderers	unused by current figures; preserved only in private migration snapshot
input_049	Captured interval length	removed	functions/python/ac2_aggregate.py; functions/R/ac2_statistics.R; figure5 renderers	unused by current figures; preserved only in private migration snapshot
input_049	Feature median copy number	removed	functions/python/ac2_aggregate.py; functions/R/ac2_statistics.R; figure5 renderers	unused by current figures; preserved only in private migration snapshot
input_049	Feature maximum copy number	removed	functions/python/ac2_aggregate.py; functions/R/ac2_statistics.R; figure5 renderers	unused by current figures; preserved only in private migration snapshot
input_049	Filter flag	removed	functions/python/ac2_aggregate.py; functions/R/ac2_statistics.R; figure5 renderers	unused by current figures; preserved only in private migration snapshot
input_049	Reference version	removed	functions/python/ac2_aggregate.py; functions/R/ac2_statistics.R; figure5 renderers	unused by current figures; preserved only in private migration snapshot
input_049	Tissue of origin	removed	functions/python/ac2_aggregate.py; functions/R/ac2_statistics.R; figure5 renderers	unused by current figures; preserved only in private migration snapshot
input_049	Sample type	removed	functions/python/ac2_aggregate.py; functions/R/ac2_statistics.R; figure5 renderers	unused by current figures; preserved only in private migration snapshot
input_049	Feature BED file	removed	functions/python/ac2_aggregate.py; functions/R/ac2_statistics.R; figure5 renderers	unused by current figures; preserved only in private migration snapshot
input_049	CNV BED file	removed	functions/python/ac2_aggregate.py; functions/R/ac2_statistics.R; figure5 renderers	unused by current figures; preserved only in private migration snapshot
input_049	AS-p version	removed	functions/python/ac2_aggregate.py; functions/R/ac2_statistics.R; figure5 renderers	unused by current figures; preserved only in private migration snapshot
input_049	AA version	removed	functions/python/ac2_aggregate.py; functions/R/ac2_statistics.R; figure5 renderers	unused by current figures; preserved only in private migration snapshot
input_049	AC version	removed	functions/python/ac2_aggregate.py; functions/R/ac2_statistics.R; figure5 renderers	unused by current figures; preserved only in private migration snapshot
input_049	AA PNG file	removed	functions/python/ac2_aggregate.py; functions/R/ac2_statistics.R; figure5 renderers	unused by current figures; preserved only in private migration snapshot
input_049	AA PDF file	removed	functions/python/ac2_aggregate.py; functions/R/ac2_statistics.R; figure5 renderers	unused by current figures; preserved only in private migration snapshot
input_049	AA summary file	removed	functions/python/ac2_aggregate.py; functions/R/ac2_statistics.R; figure5 renderers	unused by current figures; preserved only in private migration snapshot
input_049	Run metadata JSON	removed	functions/python/ac2_aggregate.py; functions/R/ac2_statistics.R; figure5 renderers	unused by current figures; preserved only in private migration snapshot
input_049	Sample metadata JSON	removed	functions/python/ac2_aggregate.py; functions/R/ac2_statistics.R; figure5 renderers	unused by current figures; preserved only in private migration snapshot
input_049	Subject	retained	functions/python/ac2_aggregate.py; functions/R/ac2_statistics.R; figure5 renderers	required calculation/drawing/verification field or cohort linkage key
input_049	Tumor_Barcode	retained	functions/python/ac2_aggregate.py; functions/R/ac2_statistics.R; figure5 renderers	required calculation/drawing/verification field or cohort linkage key
input_049	Tumor_Type	removed	functions/python/ac2_aggregate.py; functions/R/ac2_statistics.R; figure5 renderers	unused by current figures; preserved only in private migration snapshot
input_049	Subtype_Final	removed	functions/python/ac2_aggregate.py; functions/R/ac2_statistics.R; figure5 renderers	unused by current figures; preserved only in private migration snapshot
input_049	filter_passing	retained	functions/python/ac2_aggregate.py; functions/R/ac2_statistics.R; figure5 renderers	required calculation/drawing/verification field or cohort linkage key
input_049	max_cn	retained	functions/python/ac2_aggregate.py; functions/R/ac2_statistics.R; figure5 renderers	required calculation/drawing/verification field or cohort linkage key
input_049	context	retained	functions/python/ac2_aggregate.py; functions/R/ac2_statistics.R; figure5 renderers	required calculation/drawing/verification field or cohort linkage key
input_049	DN_Group	retained	functions/python/ac2_aggregate.py; functions/R/ac2_statistics.R; figure5 renderers	required calculation/drawing/verification field or cohort linkage key
input_050	DN_Group	retained	functions/python/ac2_aggregate.py; functions/R/ac2_statistics.R; figure5 renderers	required calculation/drawing/verification field or cohort linkage key
input_050	n_ecdna_subjects	retained	functions/python/ac2_aggregate.py; functions/R/ac2_statistics.R; figure5 renderers	required calculation/drawing/verification field or cohort linkage key
input_051	Subject	retained	functions/python/ac2_aggregate.py; functions/R/ac2_statistics.R; figure5 renderers	required calculation/drawing/verification field or cohort linkage key
input_051	Tumor_Barcode	retained	functions/python/ac2_aggregate.py; functions/R/ac2_statistics.R; figure5 renderers	required calculation/drawing/verification field or cohort linkage key
input_051	DN_Group	retained	functions/python/ac2_aggregate.py; functions/R/ac2_statistics.R; figure5 renderers	required calculation/drawing/verification field or cohort linkage key
input_051	Feature_ID	retained	functions/python/ac2_aggregate.py; functions/R/ac2_statistics.R; figure5 renderers	required calculation/drawing/verification field or cohort linkage key
input_051	context	retained	functions/python/ac2_aggregate.py; functions/R/ac2_statistics.R; figure5 renderers	required calculation/drawing/verification field or cohort linkage key
input_051	max_cn	retained	functions/python/ac2_aggregate.py; functions/R/ac2_statistics.R; figure5 renderers	required calculation/drawing/verification field or cohort linkage key
input_051	gene	retained	functions/python/ac2_aggregate.py; functions/R/ac2_statistics.R; figure5 renderers	required calculation/drawing/verification field or cohort linkage key
input_052	amplicon_class	retained	functions/python/ac2_aggregate.py; functions/R/ac2_statistics.R; figure5 renderers	required calculation/drawing/verification field or cohort linkage key
input_052	p_value	retained	functions/python/ac2_aggregate.py; functions/R/ac2_statistics.R; figure5 renderers	required calculation/drawing/verification field or cohort linkage key
input_052	fdr	retained	functions/python/ac2_aggregate.py; functions/R/ac2_statistics.R; figure5 renderers	required calculation/drawing/verification field or cohort linkage key
input_053	amplicon_class	retained	functions/python/ac2_aggregate.py; functions/R/ac2_statistics.R; figure5 renderers	required calculation/drawing/verification field or cohort linkage key
input_053	group_1	retained	functions/python/ac2_aggregate.py; functions/R/ac2_statistics.R; figure5 renderers	required calculation/drawing/verification field or cohort linkage key
input_053	group_2	retained	functions/python/ac2_aggregate.py; functions/R/ac2_statistics.R; figure5 renderers	required calculation/drawing/verification field or cohort linkage key
input_053	p_value	retained	functions/python/ac2_aggregate.py; functions/R/ac2_statistics.R; figure5 renderers	required calculation/drawing/verification field or cohort linkage key
input_053	fdr_within_class	retained	functions/python/ac2_aggregate.py; functions/R/ac2_statistics.R; figure5 renderers	required calculation/drawing/verification field or cohort linkage key
input_053	fdr	retained	functions/python/ac2_aggregate.py; functions/R/ac2_statistics.R; figure5 renderers	required calculation/drawing/verification field or cohort linkage key
input_054	Subject	retained	functions/python/ac2_aggregate.py; functions/R/ac2_statistics.R; figure5 renderers	required calculation/drawing/verification field or cohort linkage key
input_054	DN_Group	retained	functions/python/ac2_aggregate.py; functions/R/ac2_statistics.R; figure5 renderers	required calculation/drawing/verification field or cohort linkage key
input_054	field	retained	functions/python/ac2_aggregate.py; functions/R/ac2_statistics.R; figure5 renderers	required calculation/drawing/verification field or cohort linkage key
input_054	n_amplicons	retained	functions/python/ac2_aggregate.py; functions/R/ac2_statistics.R; figure5 renderers	required calculation/drawing/verification field or cohort linkage key
input_054	amplicon_class	retained	functions/python/ac2_aggregate.py; functions/R/ac2_statistics.R; figure5 renderers	required calculation/drawing/verification field or cohort linkage key
input_055	DN_Group	retained	functions/python/ac2_aggregate.py; functions/R/ac2_statistics.R; figure5 renderers	required calculation/drawing/verification field or cohort linkage key
input_055	amplicon_class	retained	functions/python/ac2_aggregate.py; functions/R/ac2_statistics.R; figure5 renderers	required calculation/drawing/verification field or cohort linkage key
input_055	positive	retained	functions/python/ac2_aggregate.py; functions/R/ac2_statistics.R; figure5 renderers	required calculation/drawing/verification field or cohort linkage key
input_055	total	retained	functions/python/ac2_aggregate.py; functions/R/ac2_statistics.R; figure5 renderers	required calculation/drawing/verification field or cohort linkage key
input_055	n_features	retained	functions/python/ac2_aggregate.py; functions/R/ac2_statistics.R; figure5 renderers	required calculation/drawing/verification field or cohort linkage key
input_055	pct	retained	functions/python/ac2_aggregate.py; functions/R/ac2_statistics.R; figure5 renderers	required calculation/drawing/verification field or cohort linkage key
input_056	amplicon_class	retained	functions/python/ac2_aggregate.py; functions/R/ac2_statistics.R; figure5 renderers	required calculation/drawing/verification field or cohort linkage key
input_056	p_value	retained	functions/python/ac2_aggregate.py; functions/R/ac2_statistics.R; figure5 renderers	required calculation/drawing/verification field or cohort linkage key
input_056	fdr	retained	functions/python/ac2_aggregate.py; functions/R/ac2_statistics.R; figure5 renderers	required calculation/drawing/verification field or cohort linkage key
input_057	group_1	retained	functions/python/ac2_aggregate.py; functions/R/ac2_statistics.R; figure5 renderers	required calculation/drawing/verification field or cohort linkage key
input_057	group_2	retained	functions/python/ac2_aggregate.py; functions/R/ac2_statistics.R; figure5 renderers	required calculation/drawing/verification field or cohort linkage key
input_057	p_value	retained	functions/python/ac2_aggregate.py; functions/R/ac2_statistics.R; figure5 renderers	required calculation/drawing/verification field or cohort linkage key
input_057	fdr	retained	functions/python/ac2_aggregate.py; functions/R/ac2_statistics.R; figure5 renderers	required calculation/drawing/verification field or cohort linkage key
input_057	amplicon_class	retained	functions/python/ac2_aggregate.py; functions/R/ac2_statistics.R; figure5 renderers	required calculation/drawing/verification field or cohort linkage key
input_057	fdr_within_class	retained	functions/python/ac2_aggregate.py; functions/R/ac2_statistics.R; figure5 renderers	required calculation/drawing/verification field or cohort linkage key
input_058	Subject	retained	functions/python/ac2_aggregate.py; functions/R/ac2_statistics.R; figure5 renderers	required calculation/drawing/verification field or cohort linkage key
input_058	DN_Group	retained	functions/python/ac2_aggregate.py; functions/R/ac2_statistics.R; figure5 renderers	required calculation/drawing/verification field or cohort linkage key
input_058	n_distinct_oncogenes	retained	functions/python/ac2_aggregate.py; functions/R/ac2_statistics.R; figure5 renderers	required calculation/drawing/verification field or cohort linkage key
input_059	metric	retained	functions/python/ac2_aggregate.py; functions/R/ac2_statistics.R; figure5 renderers	required calculation/drawing/verification field or cohort linkage key
input_059	test	retained	functions/python/ac2_aggregate.py; functions/R/ac2_statistics.R; figure5 renderers	required calculation/drawing/verification field or cohort linkage key
input_059	p_value	retained	functions/python/ac2_aggregate.py; functions/R/ac2_statistics.R; figure5 renderers	required calculation/drawing/verification field or cohort linkage key
input_060	metric	retained	functions/python/ac2_aggregate.py; functions/R/ac2_statistics.R; figure5 renderers	required calculation/drawing/verification field or cohort linkage key
input_060	group_1	retained	functions/python/ac2_aggregate.py; functions/R/ac2_statistics.R; figure5 renderers	required calculation/drawing/verification field or cohort linkage key
input_060	group_2	retained	functions/python/ac2_aggregate.py; functions/R/ac2_statistics.R; figure5 renderers	required calculation/drawing/verification field or cohort linkage key
input_060	p_value	retained	functions/python/ac2_aggregate.py; functions/R/ac2_statistics.R; figure5 renderers	required calculation/drawing/verification field or cohort linkage key
input_060	fdr	retained	functions/python/ac2_aggregate.py; functions/R/ac2_statistics.R; figure5 renderers	required calculation/drawing/verification field or cohort linkage key
input_061	DN_Group	retained	functions/python/ac2_aggregate.py; functions/R/ac2_statistics.R; figure5 renderers	required calculation/drawing/verification field or cohort linkage key
input_061	n	retained	functions/python/ac2_aggregate.py; functions/R/ac2_statistics.R; figure5 renderers	required calculation/drawing/verification field or cohort linkage key
input_061	median	retained	functions/python/ac2_aggregate.py; functions/R/ac2_statistics.R; figure5 renderers	required calculation/drawing/verification field or cohort linkage key
input_061	mean	retained	functions/python/ac2_aggregate.py; functions/R/ac2_statistics.R; figure5 renderers	required calculation/drawing/verification field or cohort linkage key
input_062	gene	retained	functions/python/ac2_aggregate.py; functions/R/ac2_statistics.R; figure5 renderers	required calculation/drawing/verification field or cohort linkage key
input_062	DN_Group	retained	functions/python/ac2_aggregate.py; functions/R/ac2_statistics.R; figure5 renderers	required calculation/drawing/verification field or cohort linkage key
input_062	positive_target	retained	functions/python/ac2_aggregate.py; functions/R/ac2_statistics.R; figure5 renderers	required calculation/drawing/verification field or cohort linkage key
input_062	total_target	retained	functions/python/ac2_aggregate.py; functions/R/ac2_statistics.R; figure5 renderers	required calculation/drawing/verification field or cohort linkage key
input_062	positive_other	retained	functions/python/ac2_aggregate.py; functions/R/ac2_statistics.R; figure5 renderers	required calculation/drawing/verification field or cohort linkage key
input_062	total_other	retained	functions/python/ac2_aggregate.py; functions/R/ac2_statistics.R; figure5 renderers	required calculation/drawing/verification field or cohort linkage key
input_062	odds_ratio	retained	functions/python/ac2_aggregate.py; functions/R/ac2_statistics.R; figure5 renderers	required calculation/drawing/verification field or cohort linkage key
input_062	log2_or	retained	functions/python/ac2_aggregate.py; functions/R/ac2_statistics.R; figure5 renderers	required calculation/drawing/verification field or cohort linkage key
input_062	log2_or_low	retained	functions/python/ac2_aggregate.py; functions/R/ac2_statistics.R; figure5 renderers	required calculation/drawing/verification field or cohort linkage key
input_062	log2_or_high	retained	functions/python/ac2_aggregate.py; functions/R/ac2_statistics.R; figure5 renderers	required calculation/drawing/verification field or cohort linkage key
input_062	p_value	retained	functions/python/ac2_aggregate.py; functions/R/ac2_statistics.R; figure5 renderers	required calculation/drawing/verification field or cohort linkage key
input_062	fdr	retained	functions/python/ac2_aggregate.py; functions/R/ac2_statistics.R; figure5 renderers	required calculation/drawing/verification field or cohort linkage key
input_063	DN_Group	retained	functions/python/ac2_aggregate.py; functions/R/ac2_statistics.R; figure5 renderers	required calculation/drawing/verification field or cohort linkage key
input_063	gene	retained	functions/python/ac2_aggregate.py; functions/R/ac2_statistics.R; figure5 renderers	required calculation/drawing/verification field or cohort linkage key
input_063	positive	retained	functions/python/ac2_aggregate.py; functions/R/ac2_statistics.R; figure5 renderers	required calculation/drawing/verification field or cohort linkage key
input_063	n_ecdna_subjects	retained	functions/python/ac2_aggregate.py; functions/R/ac2_statistics.R; figure5 renderers	required calculation/drawing/verification field or cohort linkage key
input_063	pct	retained	functions/python/ac2_aggregate.py; functions/R/ac2_statistics.R; figure5 renderers	required calculation/drawing/verification field or cohort linkage key
input_064	DN_Group	retained	functions/python/ac2_aggregate.py; functions/R/ac2_statistics.R; figure5 renderers	required calculation/drawing/verification field or cohort linkage key
input_064	gene	retained	functions/python/ac2_aggregate.py; functions/R/ac2_statistics.R; figure5 renderers	required calculation/drawing/verification field or cohort linkage key
input_064	context	retained	functions/python/ac2_aggregate.py; functions/R/ac2_statistics.R; figure5 renderers	required calculation/drawing/verification field or cohort linkage key
input_064	positive	retained	functions/python/ac2_aggregate.py; functions/R/ac2_statistics.R; figure5 renderers	required calculation/drawing/verification field or cohort linkage key
input_064	rank	retained	functions/python/ac2_aggregate.py; functions/R/ac2_statistics.R; figure5 renderers	required calculation/drawing/verification field or cohort linkage key
input_064	n_ecdna_tumors	retained	functions/python/ac2_aggregate.py; functions/R/ac2_statistics.R; figure5 renderers	required calculation/drawing/verification field or cohort linkage key
input_064	pct	retained	functions/python/ac2_aggregate.py; functions/R/ac2_statistics.R; figure5 renderers	required calculation/drawing/verification field or cohort linkage key
input_065	gene	retained	functions/python/ac2_aggregate.py; functions/R/ac2_statistics.R; figure5 renderers	required calculation/drawing/verification field or cohort linkage key
input_065	n_tumors	retained	functions/python/ac2_aggregate.py; functions/R/ac2_statistics.R; figure5 renderers	required calculation/drawing/verification field or cohort linkage key
input_065	unique_feature_ids	retained	functions/python/ac2_aggregate.py; functions/R/ac2_statistics.R; figure5 renderers	required calculation/drawing/verification field or cohort linkage key
input_065	rank	retained	functions/python/ac2_aggregate.py; functions/R/ac2_statistics.R; figure5 renderers	required calculation/drawing/verification field or cohort linkage key
input_065	DN_Group	retained	functions/python/ac2_aggregate.py; functions/R/ac2_statistics.R; figure5 renderers	required calculation/drawing/verification field or cohort linkage key
input_065	n_ecdna_tumors	retained	functions/python/ac2_aggregate.py; functions/R/ac2_statistics.R; figure5 renderers	required calculation/drawing/verification field or cohort linkage key
input_065	pct	retained	functions/python/ac2_aggregate.py; functions/R/ac2_statistics.R; figure5 renderers	required calculation/drawing/verification field or cohort linkage key
input_065	x	retained	functions/python/ac2_aggregate.py; functions/R/ac2_statistics.R; figure5 renderers	required calculation/drawing/verification field or cohort linkage key
input_066	DN_Group	retained	functions/python/ac2_aggregate.py; functions/R/ac2_statistics.R; figure5 renderers	required calculation/drawing/verification field or cohort linkage key
input_066	gene_1	retained	functions/python/ac2_aggregate.py; functions/R/ac2_statistics.R; figure5 renderers	required calculation/drawing/verification field or cohort linkage key
input_066	gene_2	retained	functions/python/ac2_aggregate.py; functions/R/ac2_statistics.R; figure5 renderers	required calculation/drawing/verification field or cohort linkage key
input_066	pair_count	retained	functions/python/ac2_aggregate.py; functions/R/ac2_statistics.R; figure5 renderers	required calculation/drawing/verification field or cohort linkage key
input_066	x	retained	functions/python/ac2_aggregate.py; functions/R/ac2_statistics.R; figure5 renderers	required calculation/drawing/verification field or cohort linkage key
input_066	xend	retained	functions/python/ac2_aggregate.py; functions/R/ac2_statistics.R; figure5 renderers	required calculation/drawing/verification field or cohort linkage key
input_067	gene	retained	functions/python/ac2_aggregate.py; functions/R/ac2_statistics.R; figure5 renderers	required calculation/drawing/verification field or cohort linkage key
input_067	n_tumors	retained	functions/python/ac2_aggregate.py; functions/R/ac2_statistics.R; figure5 renderers	required calculation/drawing/verification field or cohort linkage key
input_067	unique_feature_ids	retained	functions/python/ac2_aggregate.py; functions/R/ac2_statistics.R; figure5 renderers	required calculation/drawing/verification field or cohort linkage key
input_067	rank	retained	functions/python/ac2_aggregate.py; functions/R/ac2_statistics.R; figure5 renderers	required calculation/drawing/verification field or cohort linkage key
input_067	DN_Group	retained	functions/python/ac2_aggregate.py; functions/R/ac2_statistics.R; figure5 renderers	required calculation/drawing/verification field or cohort linkage key
input_067	n_ecdna_tumors	retained	functions/python/ac2_aggregate.py; functions/R/ac2_statistics.R; figure5 renderers	required calculation/drawing/verification field or cohort linkage key
input_067	pct	retained	functions/python/ac2_aggregate.py; functions/R/ac2_statistics.R; figure5 renderers	required calculation/drawing/verification field or cohort linkage key
input_067	x	retained	functions/python/ac2_aggregate.py; functions/R/ac2_statistics.R; figure5 renderers	required calculation/drawing/verification field or cohort linkage key
input_068	DN_Group	retained	functions/python/ac2_aggregate.py; functions/R/ac2_statistics.R; figure5 renderers	required calculation/drawing/verification field or cohort linkage key
input_068	n_ecdna_tumors	retained	functions/python/ac2_aggregate.py; functions/R/ac2_statistics.R; figure5 renderers	required calculation/drawing/verification field or cohort linkage key
input_069	test	retained	functions/python/ac2_aggregate.py; functions/R/ac2_statistics.R; figure5 renderers	required calculation/drawing/verification field or cohort linkage key
input_069	p_value	retained	functions/python/ac2_aggregate.py; functions/R/ac2_statistics.R; figure5 renderers	required calculation/drawing/verification field or cohort linkage key
input_070	group_1	retained	functions/python/ac2_aggregate.py; functions/R/ac2_statistics.R; figure5 renderers	required calculation/drawing/verification field or cohort linkage key
input_070	group_2	retained	functions/python/ac2_aggregate.py; functions/R/ac2_statistics.R; figure5 renderers	required calculation/drawing/verification field or cohort linkage key
input_070	p_value	retained	functions/python/ac2_aggregate.py; functions/R/ac2_statistics.R; figure5 renderers	required calculation/drawing/verification field or cohort linkage key
input_070	fdr	retained	functions/python/ac2_aggregate.py; functions/R/ac2_statistics.R; figure5 renderers	required calculation/drawing/verification field or cohort linkage key
input_071	Subject	retained	functions/python/ac2_aggregate.py; functions/R/ac2_statistics.R; figure5 renderers	required calculation/drawing/verification field or cohort linkage key
input_071	DN_Group	retained	functions/python/ac2_aggregate.py; functions/R/ac2_statistics.R; figure5 renderers	required calculation/drawing/verification field or cohort linkage key
input_071	max_egfr_ecDNA_cn	retained	functions/python/ac2_aggregate.py; functions/R/ac2_statistics.R; figure5 renderers	required calculation/drawing/verification field or cohort linkage key
input_072	Subject	retained	functions/python/ac2_aggregate.py; functions/R/ac2_statistics.R; figure5 renderers	required calculation/drawing/verification field or cohort linkage key
input_072	DN_Group	retained	functions/python/ac2_aggregate.py; functions/R/ac2_statistics.R; figure5 renderers	required calculation/drawing/verification field or cohort linkage key
input_072	max_egfr_ecDNA_cn	retained	functions/python/ac2_aggregate.py; functions/R/ac2_statistics.R; figure5 renderers	required calculation/drawing/verification field or cohort linkage key
input_073	Subject	retained	functions/python/ac2_aggregate.py; functions/R/ac2_statistics.R; figure5 renderers	required calculation/drawing/verification field or cohort linkage key
input_073	DN_Group	retained	functions/python/ac2_aggregate.py; functions/R/ac2_statistics.R; figure5 renderers	required calculation/drawing/verification field or cohort linkage key
input_073	EGFR_expression	retained	functions/python/ac2_aggregate.py; functions/R/ac2_statistics.R; figure5 renderers	required calculation/drawing/verification field or cohort linkage key
input_073	Group_label	removed	functions/python/ac2_aggregate.py; functions/R/ac2_statistics.R; figure5 renderers	unused by current figures; preserved only in private migration snapshot
input_073	Group_x	removed	functions/python/ac2_aggregate.py; functions/R/ac2_statistics.R; figure5 renderers	unused by current figures; preserved only in private migration snapshot
input_074	DN_Group	retained	functions/python/ac2_aggregate.py; functions/R/ac2_statistics.R; figure5 renderers	required calculation/drawing/verification field or cohort linkage key
input_074	Architecture	retained	functions/python/ac2_aggregate.py; functions/R/ac2_statistics.R; figure5 renderers	required calculation/drawing/verification field or cohort linkage key
input_074	Group_label	removed	functions/python/ac2_aggregate.py; functions/R/ac2_statistics.R; figure5 renderers	unused by current figures; preserved only in private migration snapshot
input_074	Group_x	removed	functions/python/ac2_aggregate.py; functions/R/ac2_statistics.R; figure5 renderers	unused by current figures; preserved only in private migration snapshot
input_074	n_subjects	retained	functions/python/ac2_aggregate.py; functions/R/ac2_statistics.R; figure5 renderers	required calculation/drawing/verification field or cohort linkage key
input_074	total_subjects	retained	functions/python/ac2_aggregate.py; functions/R/ac2_statistics.R; figure5 renderers	required calculation/drawing/verification field or cohort linkage key
input_074	pct_subjects	retained	functions/python/ac2_aggregate.py; functions/R/ac2_statistics.R; figure5 renderers	required calculation/drawing/verification field or cohort linkage key
input_074	pct_label	removed	functions/python/ac2_aggregate.py; functions/R/ac2_statistics.R; figure5 renderers	unused by current figures; preserved only in private migration snapshot
input_074	stack_order	removed	functions/python/ac2_aggregate.py; functions/R/ac2_statistics.R; figure5 renderers	unused by current figures; preserved only in private migration snapshot
input_074	pct_ymin	removed	functions/python/ac2_aggregate.py; functions/R/ac2_statistics.R; figure5 renderers	unused by current figures; preserved only in private migration snapshot
input_074	pct_ymax	removed	functions/python/ac2_aggregate.py; functions/R/ac2_statistics.R; figure5 renderers	unused by current figures; preserved only in private migration snapshot
input_074	pct_mid	removed	functions/python/ac2_aggregate.py; functions/R/ac2_statistics.R; figure5 renderers	unused by current figures; preserved only in private migration snapshot
input_075	metric	retained	functions/python/ac2_aggregate.py; functions/R/ac2_statistics.R; figure5 renderers	required calculation/drawing/verification field or cohort linkage key
input_075	test	retained	functions/python/ac2_aggregate.py; functions/R/ac2_statistics.R; figure5 renderers	required calculation/drawing/verification field or cohort linkage key
input_075	p_value	retained	functions/python/ac2_aggregate.py; functions/R/ac2_statistics.R; figure5 renderers	required calculation/drawing/verification field or cohort linkage key
input_076	metric	retained	functions/python/ac2_aggregate.py; functions/R/ac2_statistics.R; figure5 renderers	required calculation/drawing/verification field or cohort linkage key
input_076	group_1	retained	functions/python/ac2_aggregate.py; functions/R/ac2_statistics.R; figure5 renderers	required calculation/drawing/verification field or cohort linkage key
input_076	group_2	retained	functions/python/ac2_aggregate.py; functions/R/ac2_statistics.R; figure5 renderers	required calculation/drawing/verification field or cohort linkage key
input_076	p_value	retained	functions/python/ac2_aggregate.py; functions/R/ac2_statistics.R; figure5 renderers	required calculation/drawing/verification field or cohort linkage key
input_076	fdr	retained	functions/python/ac2_aggregate.py; functions/R/ac2_statistics.R; figure5 renderers	required calculation/drawing/verification field or cohort linkage key
input_077	DN_Group	retained	functions/python/ac2_aggregate.py; functions/R/ac2_statistics.R; figure5 renderers	required calculation/drawing/verification field or cohort linkage key
input_077	n	retained	functions/python/ac2_aggregate.py; functions/R/ac2_statistics.R; figure5 renderers	required calculation/drawing/verification field or cohort linkage key
input_077	median	retained	functions/python/ac2_aggregate.py; functions/R/ac2_statistics.R; figure5 renderers	required calculation/drawing/verification field or cohort linkage key
input_077	mean	retained	functions/python/ac2_aggregate.py; functions/R/ac2_statistics.R; figure5 renderers	required calculation/drawing/verification field or cohort linkage key
input_078	Tumor_Barcode	removed	functions/python/ac2_aggregate.py; functions/R/ac2_statistics.R; figure5 renderers	unused by current figures; preserved only in private migration snapshot
input_078	DN_Group	retained	functions/python/ac2_aggregate.py; functions/R/ac2_statistics.R; figure5 renderers	required calculation/drawing/verification field or cohort linkage key
input_078	Group	removed	functions/python/ac2_aggregate.py; functions/R/ac2_statistics.R; figure5 renderers	unused by current figures; preserved only in private migration snapshot
input_078	Subject	retained	functions/python/ac2_aggregate.py; functions/R/ac2_statistics.R; figure5 renderers	required calculation/drawing/verification field or cohort linkage key
input_078	Primary	removed	functions/python/ac2_aggregate.py; functions/R/ac2_statistics.R; figure5 renderers	unused by current figures; preserved only in private migration snapshot
input_079	Subject	retired_file	none in current entrypoints	unused by current figures; preserved only in private migration snapshot
input_079	Tumor_Barcode	retired_file	none in current entrypoints	unused by current figures; preserved only in private migration snapshot
input_079	Tumor_Type	retired_file	none in current entrypoints	unused by current figures; preserved only in private migration snapshot
input_079	Normal_Barcode	retired_file	none in current entrypoints	unused by current figures; preserved only in private migration snapshot
input_079	Normal_Type	retired_file	none in current entrypoints	unused by current figures; preserved only in private migration snapshot
input_079	Sex	retired_file	none in current entrypoints	unused by current figures; preserved only in private migration snapshot
input_079	race	retired_file	none in current entrypoints	unused by current figures; preserved only in private migration snapshot
input_079	ethnicity	retired_file	none in current entrypoints	unused by current figures; preserved only in private migration snapshot
input_079	age_at_index	retired_file	none in current entrypoints	unused by current figures; preserved only in private migration snapshot
input_079	vital_status	retired_file	none in current entrypoints	unused by current figures; preserved only in private migration snapshot
input_079	days_to_death	retired_file	none in current entrypoints	unused by current figures; preserved only in private migration snapshot
input_079	days_to_last_follow_up	retired_file	none in current entrypoints	unused by current figures; preserved only in private migration snapshot
input_079	overall_survival_months	retired_file	none in current entrypoints	unused by current figures; preserved only in private migration snapshot
input_079	overall_survival_status	retired_file	none in current entrypoints	unused by current figures; preserved only in private migration snapshot
input_079	primary_diagnosis	retired_file	none in current entrypoints	unused by current figures; preserved only in private migration snapshot
input_079	tumor_grade	retired_file	none in current entrypoints	unused by current figures; preserved only in private migration snapshot
input_079	subtype	retired_file	none in current entrypoints	unused by current figures; preserved only in private migration snapshot
input_079	morphology	retired_file	none in current entrypoints	unused by current figures; preserved only in private migration snapshot
input_079	classification_of_tumor	retired_file	none in current entrypoints	unused by current figures; preserved only in private migration snapshot
input_079	prior_treatment	retired_file	none in current entrypoints	unused by current figures; preserved only in private migration snapshot
input_079	prior_malignancy	retired_file	none in current entrypoints	unused by current figures; preserved only in private migration snapshot
input_079	radiation_therapy	retired_file	none in current entrypoints	unused by current figures; preserved only in private migration snapshot
input_079	progression_free_status	retired_file	none in current entrypoints	unused by current figures; preserved only in private migration snapshot
input_079	progress_free_survival_months	retired_file	none in current entrypoints	unused by current figures; preserved only in private migration snapshot
input_079	laterality	retired_file	none in current entrypoints	unused by current figures; preserved only in private migration snapshot
input_079	site_of_resection_or_biopsy	retired_file	none in current entrypoints	unused by current figures; preserved only in private migration snapshot
input_079	CECC_Original_Subtype	retired_file	none in current entrypoints	unused by current figures; preserved only in private migration snapshot
input_079	CECC_Transcriptome_Subtype	retired_file	none in current entrypoints	unused by current figures; preserved only in private migration snapshot
input_079	CECC_Pan-Glioma_RNA_Expression_Cluster	retired_file	none in current entrypoints	unused by current figures; preserved only in private migration snapshot
input_079	CECC_IDH-specific_RNA_Expression_Cluster	retired_file	none in current entrypoints	unused by current figures; preserved only in private migration snapshot
input_079	CECC_Pan-Glioma_DNA_Methylation_Cluster	retired_file	none in current entrypoints	unused by current figures; preserved only in private migration snapshot
input_079	CECC_IDH-specific_DNA_Methylation_Cluster	retired_file	none in current entrypoints	unused by current figures; preserved only in private migration snapshot
input_079	CECC_Supervised_DNA_Methylation_Cluster	retired_file	none in current entrypoints	unused by current figures; preserved only in private migration snapshot
input_079	CECC_Random_Forest_Sturm_Cluster	retired_file	none in current entrypoints	unused by current figures; preserved only in private migration snapshot
input_079	CODEL_STATUS	retired_file	none in current entrypoints	unused by current figures; preserved only in private migration snapshot
input_079	IDH_Status	retired_file	none in current entrypoints	unused by current figures; preserved only in private migration snapshot
input_079	CECC_Subtype_Override	retired_file	none in current entrypoints	unused by current figures; preserved only in private migration snapshot
input_079	Subtype_Final	retired_file	none in current entrypoints	unused by current figures; preserved only in private migration snapshot
input_079	Subtype_Original	retired_file	none in current entrypoints	unused by current figures; preserved only in private migration snapshot
input_079	Research_Classification_Status	retired_file	none in current entrypoints	unused by current figures; preserved only in private migration snapshot
input_080	Subject	retired_file	none in current entrypoints	unused by current figures; preserved only in private migration snapshot
input_080	DN_Group	retired_file	none in current entrypoints	unused by current figures; preserved only in private migration snapshot
input_080	Tumor_Barcodes	retired_file	none in current entrypoints	unused by current figures; preserved only in private migration snapshot
input_080	Subtype_Final	retired_file	none in current entrypoints	unused by current figures; preserved only in private migration snapshot
input_080	Evo_Subtype	retired_file	none in current entrypoints	unused by current figures; preserved only in private migration snapshot
input_080	Evo_Group_original	retired_file	none in current entrypoints	unused by current figures; preserved only in private migration snapshot
input_080	n_linear	retired_file	none in current entrypoints	unused by current figures; preserved only in private migration snapshot
input_080	n_ecDNA	retired_file	none in current entrypoints	unused by current figures; preserved only in private migration snapshot
input_080	n_BFB	retired_file	none in current entrypoints	unused by current figures; preserved only in private migration snapshot
input_080	n_complex_non_cyclic	retired_file	none in current entrypoints	unused by current figures; preserved only in private migration snapshot
input_080	has_any_amplicon	retired_file	none in current entrypoints	unused by current figures; preserved only in private migration snapshot
input_080	has_ecDNA	retired_file	none in current entrypoints	unused by current figures; preserved only in private migration snapshot
input_080	has_linear	retired_file	none in current entrypoints	unused by current figures; preserved only in private migration snapshot
input_080	has_complex_non_cyclic	retired_file	none in current entrypoints	unused by current figures; preserved only in private migration snapshot
input_080	has_BFB	retired_file	none in current entrypoints	unused by current figures; preserved only in private migration snapshot
input_080	has_multichrom_ecDNA	retired_file	none in current entrypoints	unused by current figures; preserved only in private migration snapshot
input_080	has_high_cn_ecDNA	retired_file	none in current entrypoints	unused by current figures; preserved only in private migration snapshot
input_080	has_multi_ecDNA	retired_file	none in current entrypoints	unused by current figures; preserved only in private migration snapshot
input_080	n_features	retired_file	none in current entrypoints	unused by current figures; preserved only in private migration snapshot
input_080	n_multichrom_ecDNA	retired_file	none in current entrypoints	unused by current figures; preserved only in private migration snapshot
input_080	max_feature_cn	retired_file	none in current entrypoints	unused by current figures; preserved only in private migration snapshot
input_080	max_ecDNA_cn	retired_file	none in current entrypoints	unused by current figures; preserved only in private migration snapshot
input_080	median_ecDNA_cn	retired_file	none in current entrypoints	unused by current figures; preserved only in private migration snapshot
input_080	max_ecDNA_complexity	retired_file	none in current entrypoints	unused by current figures; preserved only in private migration snapshot
input_080	sum_ecDNA_length	retired_file	none in current entrypoints	unused by current figures; preserved only in private migration snapshot
input_081	Subject	retained	functions/python/render_figure3.py	required calculation/drawing/verification field or cohort linkage key
input_081	Tumor_Barcode	removed	functions/python/render_figure3.py	unused by current figures; preserved only in private migration snapshot
input_081	route	retained	functions/python/render_figure3.py	required calculation/drawing/verification field or cohort linkage key
input_081	group_order	removed	functions/python/render_figure3.py	unused by current figures; preserved only in private migration snapshot
input_081	column_in_group	removed	functions/python/render_figure3.py	unused by current figures; preserved only in private migration snapshot
input_081	column_index	retained	functions/python/render_figure3.py	required calculation/drawing/verification field or cohort linkage key
input_081	CT_component_SVs	retained	functions/python/render_figure3.py	required calculation/drawing/verification field or cohort linkage key
input_081	CT_span_Mb	retained	functions/python/render_figure3.py	required calculation/drawing/verification field or cohort linkage key
input_081	CT_chromosomes	removed	functions/python/render_figure3.py	unused by current figures; preserved only in private migration snapshot
input_081	CT_components	removed	functions/python/render_figure3.py	unused by current figures; preserved only in private migration snapshot
input_081	BB_Ploidy	removed	functions/python/render_figure3.py	unused by current figures; preserved only in private migration snapshot
input_081	BB_Purity	removed	functions/python/render_figure3.py	unused by current figures; preserved only in private migration snapshot
input_081	hist_grade	retained	functions/python/render_figure3.py	required calculation/drawing/verification field or cohort linkage key
input_081	grade_source	removed	functions/python/render_figure3.py	unused by current figures; preserved only in private migration snapshot
input_081	grade_explicit	retained	functions/python/render_figure3.py	required calculation/drawing/verification field or cohort linkage key
input_081	x_in	removed	functions/python/render_figure3.py	unused by current figures; preserved only in private migration snapshot
input_082	Subject	retained	functions/python/render_figure3.py	required calculation/drawing/verification field or cohort linkage key
input_082	gene	retained	functions/python/render_figure3.py	required calculation/drawing/verification field or cohort linkage key
input_082	CT_overlap	retained	functions/python/render_figure3.py	required calculation/drawing/verification field or cohort linkage key
input_082	CN_eligible	removed	functions/python/render_figure3.py	unused by current figures; preserved only in private migration snapshot
input_082	AMP	retained	functions/python/render_figure3.py	required calculation/drawing/verification field or cohort linkage key
input_082	CN0	retained	functions/python/render_figure3.py	required calculation/drawing/verification field or cohort linkage key
input_082	LOH_main	retained	functions/python/render_figure3.py	required calculation/drawing/verification field or cohort linkage key
input_082	LOH_secondary	retained	functions/python/render_figure3.py	required calculation/drawing/verification field or cohort linkage key
input_082	missing_CN	retained	functions/python/render_figure3.py	required calculation/drawing/verification field or cohort linkage key
input_082	ct_overlap_bp	removed	functions/python/render_figure3.py	unused by current figures; preserved only in private migration snapshot
input_082	ct_interval_ids	removed	functions/python/render_figure3.py	unused by current figures; preserved only in private migration snapshot
input_082	strict_cn_event_ids	removed	functions/python/render_figure3.py	unused by current figures; preserved only in private migration snapshot
input_082	cn_ids	removed	functions/python/render_figure3.py	unused by current figures; preserved only in private migration snapshot
input_082	Tumor_Barcode	removed	functions/python/render_figure3.py	unused by current figures; preserved only in private migration snapshot
input_082	route	removed	functions/python/render_figure3.py	unused by current figures; preserved only in private migration snapshot
input_082	group_order	removed	functions/python/render_figure3.py	unused by current figures; preserved only in private migration snapshot
input_082	column_in_group	removed	functions/python/render_figure3.py	unused by current figures; preserved only in private migration snapshot
input_082	column_index	removed	functions/python/render_figure3.py	unused by current figures; preserved only in private migration snapshot
input_082	CT_component_SVs	removed	functions/python/render_figure3.py	unused by current figures; preserved only in private migration snapshot
input_082	CT_span_Mb	removed	functions/python/render_figure3.py	unused by current figures; preserved only in private migration snapshot
input_082	CT_chromosomes	removed	functions/python/render_figure3.py	unused by current figures; preserved only in private migration snapshot
input_082	CT_components	removed	functions/python/render_figure3.py	unused by current figures; preserved only in private migration snapshot
input_082	BB_Ploidy	removed	functions/python/render_figure3.py	unused by current figures; preserved only in private migration snapshot
input_082	BB_Purity	removed	functions/python/render_figure3.py	unused by current figures; preserved only in private migration snapshot
input_082	hist_grade	removed	functions/python/render_figure3.py	unused by current figures; preserved only in private migration snapshot
input_082	grade_source	removed	functions/python/render_figure3.py	unused by current figures; preserved only in private migration snapshot
input_082	grade_explicit	removed	functions/python/render_figure3.py	unused by current figures; preserved only in private migration snapshot
input_082	row_index	removed	functions/python/render_figure3.py	unused by current figures; preserved only in private migration snapshot
input_082	x_in	removed	functions/python/render_figure3.py	unused by current figures; preserved only in private migration snapshot
input_082	y_in	removed	functions/python/render_figure3.py	unused by current figures; preserved only in private migration snapshot
input_083	Evo_Group	retained	main-figure renderers and verification	required calculation/drawing/verification field or cohort linkage key
input_083	time	retained	main-figure renderers and verification	required calculation/drawing/verification field or cohort linkage key
input_083	segment_weight	retained	main-figure renderers and verification	required calculation/drawing/verification field or cohort linkage key
input_083	cum_frac	retained	main-figure renderers and verification	required calculation/drawing/verification field or cohort linkage key
input_083	time_display	retained	main-figure renderers and verification	required calculation/drawing/verification field or cohort linkage key
input_083	cum_frac_display	retained	main-figure renderers and verification	required calculation/drawing/verification field or cohort linkage key
input_084	statistic	retained	main-figure renderers and verification	required calculation/drawing/verification field or cohort linkage key
input_084	observed	retained	main-figure renderers and verification	required calculation/drawing/verification field or cohort linkage key
input_084	pvalue	retained	main-figure renderers and verification	required calculation/drawing/verification field or cohort linkage key
input_084	n_permutations	retained	main-figure renderers and verification	required calculation/drawing/verification field or cohort linkage key
input_085	Evo_Group	retained	main-figure renderers and verification	required calculation/drawing/verification field or cohort linkage key
input_085	weighted_mean_time	retained	main-figure renderers and verification	required calculation/drawing/verification field or cohort linkage key
input_085	n_samples	retained	main-figure renderers and verification	required calculation/drawing/verification field or cohort linkage key
input_085	n_segments	retained	main-figure renderers and verification	required calculation/drawing/verification field or cohort linkage key
input_085	total_gain_mb	retained	main-figure renderers and verification	required calculation/drawing/verification field or cohort linkage key
input_085	global_range_permutation_pvalue	retained	main-figure renderers and verification	required calculation/drawing/verification field or cohort linkage key
input_086	Evo_Group	retained	main-figure renderers and verification	required calculation/drawing/verification field or cohort linkage key
input_086	category	retained	main-figure renderers and verification	required calculation/drawing/verification field or cohort linkage key
input_086	time_bin	retained	main-figure renderers and verification	required calculation/drawing/verification field or cohort linkage key
input_086	weight	retained	main-figure renderers and verification	required calculation/drawing/verification field or cohort linkage key
input_086	n_events	retained	main-figure renderers and verification	required calculation/drawing/verification field or cohort linkage key
input_086	n_samples	retained	main-figure renderers and verification	required calculation/drawing/verification field or cohort linkage key
input_086	time_mid	retained	main-figure renderers and verification	required calculation/drawing/verification field or cohort linkage key
input_087	Evo_Group	retained	main-figure renderers and verification	required calculation/drawing/verification field or cohort linkage key
input_087	category	retained	main-figure renderers and verification	required calculation/drawing/verification field or cohort linkage key
input_087	source_type	retained	main-figure renderers and verification	required calculation/drawing/verification field or cohort linkage key
input_087	n_events	retained	main-figure renderers and verification	required calculation/drawing/verification field or cohort linkage key
input_087	n_samples	retained	main-figure renderers and verification	required calculation/drawing/verification field or cohort linkage key
input_087	total_weight_mb	retained	main-figure renderers and verification	required calculation/drawing/verification field or cohort linkage key
input_087	weighted_mean_time	retained	main-figure renderers and verification	required calculation/drawing/verification field or cohort linkage key
input_087	weighted_median_time	retained	main-figure renderers and verification	required calculation/drawing/verification field or cohort linkage key
input_088	metric	retained	main-figure renderers and verification	required calculation/drawing/verification field or cohort linkage key
input_088	group1	retained	main-figure renderers and verification	required calculation/drawing/verification field or cohort linkage key
input_088	group2	retained	main-figure renderers and verification	required calculation/drawing/verification field or cohort linkage key
input_088	n_group1	retained	main-figure renderers and verification	required calculation/drawing/verification field or cohort linkage key
input_088	n_group2	retained	main-figure renderers and verification	required calculation/drawing/verification field or cohort linkage key
input_088	p_value	retained	main-figure renderers and verification	required calculation/drawing/verification field or cohort linkage key
input_088	q_value	retained	main-figure renderers and verification	required calculation/drawing/verification field or cohort linkage key
input_089	Subject	removed	main-figure renderers and verification	unused by current figures; preserved only in private migration snapshot
input_089	Tumor_Barcode	retained	main-figure renderers and verification	required calculation/drawing/verification field or cohort linkage key
input_089	DN_Group	retained	main-figure renderers and verification	required calculation/drawing/verification field or cohort linkage key
input_089	metric	retained	main-figure renderers and verification	required calculation/drawing/verification field or cohort linkage key
input_089	value	retained	main-figure renderers and verification	required calculation/drawing/verification field or cohort linkage key
input_089	source	removed	main-figure renderers and verification	unused by current figures; preserved only in private migration snapshot
input_090	DN_Group	retired_file	none in current entrypoints	unused by current figures; preserved only in private migration snapshot
input_090	amplicon_class	retired_file	none in current entrypoints	unused by current figures; preserved only in private migration snapshot
input_090	positive	retired_file	none in current entrypoints	unused by current figures; preserved only in private migration snapshot
input_090	total	retired_file	none in current entrypoints	unused by current figures; preserved only in private migration snapshot
input_090	pct	retired_file	none in current entrypoints	unused by current figures; preserved only in private migration snapshot
input_091	Subject	retired_file	none in current entrypoints	unused by current figures; preserved only in private migration snapshot
input_091	DN_Group	retired_file	none in current entrypoints	unused by current figures; preserved only in private migration snapshot
input_091	n_distinct_oncogenes	retired_file	none in current entrypoints	unused by current figures; preserved only in private migration snapshot
input_092	metric	retired_file	none in current entrypoints	unused by current figures; preserved only in private migration snapshot
input_092	group_1	retired_file	none in current entrypoints	unused by current figures; preserved only in private migration snapshot
input_092	group_2	retired_file	none in current entrypoints	unused by current figures; preserved only in private migration snapshot
input_092	p_value	retired_file	none in current entrypoints	unused by current figures; preserved only in private migration snapshot
input_092	fdr	retired_file	none in current entrypoints	unused by current figures; preserved only in private migration snapshot
input_093	gene	retired_file	none in current entrypoints	unused by current figures; preserved only in private migration snapshot
input_093	DN_Group	retired_file	none in current entrypoints	unused by current figures; preserved only in private migration snapshot
input_093	positive_target	retired_file	none in current entrypoints	unused by current figures; preserved only in private migration snapshot
input_093	total_target	retired_file	none in current entrypoints	unused by current figures; preserved only in private migration snapshot
input_093	positive_other	retired_file	none in current entrypoints	unused by current figures; preserved only in private migration snapshot
input_093	total_other	retired_file	none in current entrypoints	unused by current figures; preserved only in private migration snapshot
input_093	p_value	retired_file	none in current entrypoints	unused by current figures; preserved only in private migration snapshot
input_093	odds_ratio	retired_file	none in current entrypoints	unused by current figures; preserved only in private migration snapshot
input_093	log2_or	retired_file	none in current entrypoints	unused by current figures; preserved only in private migration snapshot
input_093	log2_or_low	retired_file	none in current entrypoints	unused by current figures; preserved only in private migration snapshot
input_093	log2_or_high	retired_file	none in current entrypoints	unused by current figures; preserved only in private migration snapshot
input_093	fdr	retired_file	none in current entrypoints	unused by current figures; preserved only in private migration snapshot
input_094	DN_Group	retired_file	none in current entrypoints	unused by current figures; preserved only in private migration snapshot
input_094	gene	retired_file	none in current entrypoints	unused by current figures; preserved only in private migration snapshot
input_094	positive	retired_file	none in current entrypoints	unused by current figures; preserved only in private migration snapshot
input_094	n_ecdna_subjects	retired_file	none in current entrypoints	unused by current figures; preserved only in private migration snapshot
input_094	pct	retired_file	none in current entrypoints	unused by current figures; preserved only in private migration snapshot
input_095	DN_Group	retired_file	none in current entrypoints	unused by current figures; preserved only in private migration snapshot
input_095	gene	retired_file	none in current entrypoints	unused by current figures; preserved only in private migration snapshot
input_095	context	retired_file	none in current entrypoints	unused by current figures; preserved only in private migration snapshot
input_095	positive	retired_file	none in current entrypoints	unused by current figures; preserved only in private migration snapshot
input_095	rank	retired_file	none in current entrypoints	unused by current figures; preserved only in private migration snapshot
input_095	n_ecdna_tumors	retired_file	none in current entrypoints	unused by current figures; preserved only in private migration snapshot
input_095	pct	retired_file	none in current entrypoints	unused by current figures; preserved only in private migration snapshot
input_096	DN_Group	retired_file	none in current entrypoints	unused by current figures; preserved only in private migration snapshot
input_096	rank	retired_file	none in current entrypoints	unused by current figures; preserved only in private migration snapshot
input_096	gene	retired_file	none in current entrypoints	unused by current figures; preserved only in private migration snapshot
input_096	n_tumors	retired_file	none in current entrypoints	unused by current figures; preserved only in private migration snapshot
input_096	unique_feature_ids	retired_file	none in current entrypoints	unused by current figures; preserved only in private migration snapshot
input_096	n_ecdna_tumors	retired_file	none in current entrypoints	unused by current figures; preserved only in private migration snapshot
input_096	x	retired_file	none in current entrypoints	unused by current figures; preserved only in private migration snapshot
input_096	pct	retired_file	none in current entrypoints	unused by current figures; preserved only in private migration snapshot
input_097	DN_Group	retired_file	none in current entrypoints	unused by current figures; preserved only in private migration snapshot
input_097	gene_1	retired_file	none in current entrypoints	unused by current figures; preserved only in private migration snapshot
input_097	gene_2	retired_file	none in current entrypoints	unused by current figures; preserved only in private migration snapshot
input_097	pair_count	retired_file	none in current entrypoints	unused by current figures; preserved only in private migration snapshot
input_097	x	retired_file	none in current entrypoints	unused by current figures; preserved only in private migration snapshot
input_097	xend	retired_file	none in current entrypoints	unused by current figures; preserved only in private migration snapshot
input_098	DN_Group	retired_file	none in current entrypoints	unused by current figures; preserved only in private migration snapshot
input_098	n_ecdna_tumors	retired_file	none in current entrypoints	unused by current figures; preserved only in private migration snapshot
input_099	Subject	retired_file	none in current entrypoints	unused by current figures; preserved only in private migration snapshot
input_099	DN_Group	retired_file	none in current entrypoints	unused by current figures; preserved only in private migration snapshot
input_099	max_egfr_ecDNA_cn	retired_file	none in current entrypoints	unused by current figures; preserved only in private migration snapshot
input_099	n_egfr_ecDNA_features	retired_file	none in current entrypoints	unused by current figures; preserved only in private migration snapshot
input_099	Architecture	retired_file	none in current entrypoints	unused by current figures; preserved only in private migration snapshot
input_099	Group_label	retired_file	none in current entrypoints	unused by current figures; preserved only in private migration snapshot
input_099	Group_x	retired_file	none in current entrypoints	unused by current figures; preserved only in private migration snapshot
input_100	Subject	retired_file	none in current entrypoints	unused by current figures; preserved only in private migration snapshot
input_100	DN_Group	retired_file	none in current entrypoints	unused by current figures; preserved only in private migration snapshot
input_100	EGFR_expression	retired_file	none in current entrypoints	unused by current figures; preserved only in private migration snapshot
input_100	Group_label	retired_file	none in current entrypoints	unused by current figures; preserved only in private migration snapshot
input_100	Group_x	retired_file	none in current entrypoints	unused by current figures; preserved only in private migration snapshot
input_101	DN_Group	retired_file	none in current entrypoints	unused by current figures; preserved only in private migration snapshot
input_101	Architecture	retired_file	none in current entrypoints	unused by current figures; preserved only in private migration snapshot
input_101	Group_label	retired_file	none in current entrypoints	unused by current figures; preserved only in private migration snapshot
input_101	Group_x	retired_file	none in current entrypoints	unused by current figures; preserved only in private migration snapshot
input_101	n_subjects	retired_file	none in current entrypoints	unused by current figures; preserved only in private migration snapshot
input_101	total_subjects	retired_file	none in current entrypoints	unused by current figures; preserved only in private migration snapshot
input_101	pct_subjects	retired_file	none in current entrypoints	unused by current figures; preserved only in private migration snapshot
input_101	pct_label	retired_file	none in current entrypoints	unused by current figures; preserved only in private migration snapshot
input_101	stack_order	retired_file	none in current entrypoints	unused by current figures; preserved only in private migration snapshot
input_101	pct_ymin	retired_file	none in current entrypoints	unused by current figures; preserved only in private migration snapshot
input_101	pct_ymax	retired_file	none in current entrypoints	unused by current figures; preserved only in private migration snapshot
input_101	pct_mid	retired_file	none in current entrypoints	unused by current figures; preserved only in private migration snapshot
input_102	metric	retired_file	none in current entrypoints	unused by current figures; preserved only in private migration snapshot
input_102	group_1	retired_file	none in current entrypoints	unused by current figures; preserved only in private migration snapshot
input_102	group_2	retired_file	none in current entrypoints	unused by current figures; preserved only in private migration snapshot
input_102	p_value	retired_file	none in current entrypoints	unused by current figures; preserved only in private migration snapshot
input_102	fdr	retired_file	none in current entrypoints	unused by current figures; preserved only in private migration snapshot
input_103	Contrast	retained	main-figure renderers and verification	required calculation/drawing/verification field or cohort linkage key
input_103	Pathway	retained	main-figure renderers and verification	required calculation/drawing/verification field or cohort linkage key
input_103	NES	retained	main-figure renderers and verification	required calculation/drawing/verification field or cohort linkage key
input_103	Absolute_NES	retained	main-figure renderers and verification	required calculation/drawing/verification field or cohort linkage key
input_103	FDR	retained	main-figure renderers and verification	required calculation/drawing/verification field or cohort linkage key
input_103	Enriched_Group	retained	main-figure renderers and verification	required calculation/drawing/verification field or cohort linkage key
input_103	Comparator_Group	retained	main-figure renderers and verification	required calculation/drawing/verification field or cohort linkage key
input_103	Minus_Log10_FDR_Capped	retained	main-figure renderers and verification	required calculation/drawing/verification field or cohort linkage key
input_103	Leading_Edge	removed	main-figure renderers and verification	unused by current figures; preserved only in private migration snapshot
input_103	Pathway_Family	retained	main-figure renderers and verification	required calculation/drawing/verification field or cohort linkage key
input_103	Pathway_Label	retained	main-figure renderers and verification	required calculation/drawing/verification field or cohort linkage key
input_103	Pathway_Facet	retained	main-figure renderers and verification	required calculation/drawing/verification field or cohort linkage key
input_104	true	retired_file	none in current entrypoints	unused by current figures; preserved only in private migration snapshot
input_104	ordered	retired_file	none in current entrypoints	unused by current figures; preserved only in private migration snapshot
input_105	1	retired_file	none in current entrypoints	unused by current figures; preserved only in private migration snapshot
input_105	2	retired_file	none in current entrypoints	unused by current figures; preserved only in private migration snapshot
input_105	3	retired_file	none in current entrypoints	unused by current figures; preserved only in private migration snapshot
input_105	4	retired_file	none in current entrypoints	unused by current figures; preserved only in private migration snapshot
input_105	5	retired_file	none in current entrypoints	unused by current figures; preserved only in private migration snapshot
input_105	6	retired_file	none in current entrypoints	unused by current figures; preserved only in private migration snapshot
input_105	7	retired_file	none in current entrypoints	unused by current figures; preserved only in private migration snapshot
input_105	8	retired_file	none in current entrypoints	unused by current figures; preserved only in private migration snapshot
input_105	9	retired_file	none in current entrypoints	unused by current figures; preserved only in private migration snapshot
input_105	10	retired_file	none in current entrypoints	unused by current figures; preserved only in private migration snapshot
input_105	11	retired_file	none in current entrypoints	unused by current figures; preserved only in private migration snapshot
input_105	12	retired_file	none in current entrypoints	unused by current figures; preserved only in private migration snapshot
input_105	13	retired_file	none in current entrypoints	unused by current figures; preserved only in private migration snapshot
input_105	14	retired_file	none in current entrypoints	unused by current figures; preserved only in private migration snapshot
input_105	15	retired_file	none in current entrypoints	unused by current figures; preserved only in private migration snapshot
input_105	16	retired_file	none in current entrypoints	unused by current figures; preserved only in private migration snapshot
input_105	17	retired_file	none in current entrypoints	unused by current figures; preserved only in private migration snapshot
input_105	18	retired_file	none in current entrypoints	unused by current figures; preserved only in private migration snapshot
input_105	19	retired_file	none in current entrypoints	unused by current figures; preserved only in private migration snapshot
input_105	20	retired_file	none in current entrypoints	unused by current figures; preserved only in private migration snapshot
input_105	21	retired_file	none in current entrypoints	unused by current figures; preserved only in private migration snapshot
input_105	22	retired_file	none in current entrypoints	unused by current figures; preserved only in private migration snapshot
input_105	23	retired_file	none in current entrypoints	unused by current figures; preserved only in private migration snapshot
input_105	24	retired_file	none in current entrypoints	unused by current figures; preserved only in private migration snapshot
input_105	25	retired_file	none in current entrypoints	unused by current figures; preserved only in private migration snapshot
input_105	26	retired_file	none in current entrypoints	unused by current figures; preserved only in private migration snapshot
input_105	27	retired_file	none in current entrypoints	unused by current figures; preserved only in private migration snapshot
input_105	28	retired_file	none in current entrypoints	unused by current figures; preserved only in private migration snapshot
input_105	29	retired_file	none in current entrypoints	unused by current figures; preserved only in private migration snapshot
input_105	30	retired_file	none in current entrypoints	unused by current figures; preserved only in private migration snapshot
input_105	31	retired_file	none in current entrypoints	unused by current figures; preserved only in private migration snapshot
input_105	32	retired_file	none in current entrypoints	unused by current figures; preserved only in private migration snapshot
input_105	33	retired_file	none in current entrypoints	unused by current figures; preserved only in private migration snapshot
input_105	34	retired_file	none in current entrypoints	unused by current figures; preserved only in private migration snapshot
input_105	35	retired_file	none in current entrypoints	unused by current figures; preserved only in private migration snapshot
input_106	Tumour_Name	retired_file	none in current entrypoints	unused by current figures; preserved only in private migration snapshot
input_106	chr	retired_file	none in current entrypoints	unused by current figures; preserved only in private migration snapshot
input_106	startpos	retired_file	none in current entrypoints	unused by current figures; preserved only in private migration snapshot
input_106	endpos	retired_file	none in current entrypoints	unused by current figures; preserved only in private migration snapshot
input_106	nMaj1_A	retired_file	none in current entrypoints	unused by current figures; preserved only in private migration snapshot
input_106	nMin1_A	retired_file	none in current entrypoints	unused by current figures; preserved only in private migration snapshot
input_106	tumour_ploidy	retired_file	none in current entrypoints	unused by current figures; preserved only in private migration snapshot
input_106	CNA	retired_file	none in current entrypoints	unused by current figures; preserved only in private migration snapshot
input_106	noevent	retired_file	none in current entrypoints	unused by current figures; preserved only in private migration snapshot
input_106	w.mean	retired_file	none in current entrypoints	unused by current figures; preserved only in private migration snapshot
input_106	ID	retired_file	none in current entrypoints	unused by current figures; preserved only in private migration snapshot
input_106	no.chr.bearing.mut	retired_file	none in current entrypoints	unused by current figures; preserved only in private migration snapshot
input_107	true	retired_file	none in current entrypoints	unused by current figures; preserved only in private migration snapshot
input_107	ordered	retired_file	none in current entrypoints	unused by current figures; preserved only in private migration snapshot
input_108	1	retired_file	none in current entrypoints	unused by current figures; preserved only in private migration snapshot
input_108	2	retired_file	none in current entrypoints	unused by current figures; preserved only in private migration snapshot
input_108	3	retired_file	none in current entrypoints	unused by current figures; preserved only in private migration snapshot
input_108	4	retired_file	none in current entrypoints	unused by current figures; preserved only in private migration snapshot
input_108	5	retired_file	none in current entrypoints	unused by current figures; preserved only in private migration snapshot
input_108	6	retired_file	none in current entrypoints	unused by current figures; preserved only in private migration snapshot
input_108	7	retired_file	none in current entrypoints	unused by current figures; preserved only in private migration snapshot
input_108	8	retired_file	none in current entrypoints	unused by current figures; preserved only in private migration snapshot
input_108	9	retired_file	none in current entrypoints	unused by current figures; preserved only in private migration snapshot
input_108	10	retired_file	none in current entrypoints	unused by current figures; preserved only in private migration snapshot
input_108	11	retired_file	none in current entrypoints	unused by current figures; preserved only in private migration snapshot
input_108	12	retired_file	none in current entrypoints	unused by current figures; preserved only in private migration snapshot
input_108	13	retired_file	none in current entrypoints	unused by current figures; preserved only in private migration snapshot
input_108	14	retired_file	none in current entrypoints	unused by current figures; preserved only in private migration snapshot
input_108	15	retired_file	none in current entrypoints	unused by current figures; preserved only in private migration snapshot
input_108	16	retired_file	none in current entrypoints	unused by current figures; preserved only in private migration snapshot
input_108	17	retired_file	none in current entrypoints	unused by current figures; preserved only in private migration snapshot
input_108	18	retired_file	none in current entrypoints	unused by current figures; preserved only in private migration snapshot
input_108	19	retired_file	none in current entrypoints	unused by current figures; preserved only in private migration snapshot
input_108	20	retired_file	none in current entrypoints	unused by current figures; preserved only in private migration snapshot
input_108	21	retired_file	none in current entrypoints	unused by current figures; preserved only in private migration snapshot
input_108	22	retired_file	none in current entrypoints	unused by current figures; preserved only in private migration snapshot
input_108	23	retired_file	none in current entrypoints	unused by current figures; preserved only in private migration snapshot
input_108	24	retired_file	none in current entrypoints	unused by current figures; preserved only in private migration snapshot
input_108	25	retired_file	none in current entrypoints	unused by current figures; preserved only in private migration snapshot
input_108	26	retired_file	none in current entrypoints	unused by current figures; preserved only in private migration snapshot
input_108	27	retired_file	none in current entrypoints	unused by current figures; preserved only in private migration snapshot
input_108	28	retired_file	none in current entrypoints	unused by current figures; preserved only in private migration snapshot
input_108	29	retired_file	none in current entrypoints	unused by current figures; preserved only in private migration snapshot
input_109	Tumour_Name	retired_file	none in current entrypoints	unused by current figures; preserved only in private migration snapshot
input_109	chr	retired_file	none in current entrypoints	unused by current figures; preserved only in private migration snapshot
input_109	startpos	retired_file	none in current entrypoints	unused by current figures; preserved only in private migration snapshot
input_109	endpos	retired_file	none in current entrypoints	unused by current figures; preserved only in private migration snapshot
input_109	nMaj1_A	retired_file	none in current entrypoints	unused by current figures; preserved only in private migration snapshot
input_109	nMin1_A	retired_file	none in current entrypoints	unused by current figures; preserved only in private migration snapshot
input_109	tumour_ploidy	retired_file	none in current entrypoints	unused by current figures; preserved only in private migration snapshot
input_109	CNA	retired_file	none in current entrypoints	unused by current figures; preserved only in private migration snapshot
input_109	noevent	retired_file	none in current entrypoints	unused by current figures; preserved only in private migration snapshot
input_109	w.mean	retired_file	none in current entrypoints	unused by current figures; preserved only in private migration snapshot
input_109	ID	retired_file	none in current entrypoints	unused by current figures; preserved only in private migration snapshot
input_109	no.chr.bearing.mut	retired_file	none in current entrypoints	unused by current figures; preserved only in private migration snapshot
input_110	true	retired_file	none in current entrypoints	unused by current figures; preserved only in private migration snapshot
input_110	ordered	retired_file	none in current entrypoints	unused by current figures; preserved only in private migration snapshot
input_111	1	retired_file	none in current entrypoints	unused by current figures; preserved only in private migration snapshot
input_111	2	retired_file	none in current entrypoints	unused by current figures; preserved only in private migration snapshot
input_111	3	retired_file	none in current entrypoints	unused by current figures; preserved only in private migration snapshot
input_111	4	retired_file	none in current entrypoints	unused by current figures; preserved only in private migration snapshot
input_111	5	retired_file	none in current entrypoints	unused by current figures; preserved only in private migration snapshot
input_111	6	retired_file	none in current entrypoints	unused by current figures; preserved only in private migration snapshot
input_111	7	retired_file	none in current entrypoints	unused by current figures; preserved only in private migration snapshot
input_111	8	retired_file	none in current entrypoints	unused by current figures; preserved only in private migration snapshot
input_111	9	retired_file	none in current entrypoints	unused by current figures; preserved only in private migration snapshot
input_111	10	retired_file	none in current entrypoints	unused by current figures; preserved only in private migration snapshot
input_111	11	retired_file	none in current entrypoints	unused by current figures; preserved only in private migration snapshot
input_111	12	retired_file	none in current entrypoints	unused by current figures; preserved only in private migration snapshot
input_111	13	retired_file	none in current entrypoints	unused by current figures; preserved only in private migration snapshot
input_111	14	retired_file	none in current entrypoints	unused by current figures; preserved only in private migration snapshot
input_111	15	retired_file	none in current entrypoints	unused by current figures; preserved only in private migration snapshot
input_111	16	retired_file	none in current entrypoints	unused by current figures; preserved only in private migration snapshot
input_111	17	retired_file	none in current entrypoints	unused by current figures; preserved only in private migration snapshot
input_111	18	retired_file	none in current entrypoints	unused by current figures; preserved only in private migration snapshot
input_111	19	retired_file	none in current entrypoints	unused by current figures; preserved only in private migration snapshot
input_111	20	retired_file	none in current entrypoints	unused by current figures; preserved only in private migration snapshot
input_111	21	retired_file	none in current entrypoints	unused by current figures; preserved only in private migration snapshot
input_111	22	retired_file	none in current entrypoints	unused by current figures; preserved only in private migration snapshot
input_111	23	retired_file	none in current entrypoints	unused by current figures; preserved only in private migration snapshot
input_111	24	retired_file	none in current entrypoints	unused by current figures; preserved only in private migration snapshot
input_111	25	retired_file	none in current entrypoints	unused by current figures; preserved only in private migration snapshot
input_111	26	retired_file	none in current entrypoints	unused by current figures; preserved only in private migration snapshot
input_111	27	retired_file	none in current entrypoints	unused by current figures; preserved only in private migration snapshot
input_111	28	retired_file	none in current entrypoints	unused by current figures; preserved only in private migration snapshot
input_111	29	retired_file	none in current entrypoints	unused by current figures; preserved only in private migration snapshot
input_111	30	retired_file	none in current entrypoints	unused by current figures; preserved only in private migration snapshot
input_111	31	retired_file	none in current entrypoints	unused by current figures; preserved only in private migration snapshot
input_111	32	retired_file	none in current entrypoints	unused by current figures; preserved only in private migration snapshot
input_111	33	retired_file	none in current entrypoints	unused by current figures; preserved only in private migration snapshot
input_111	34	retired_file	none in current entrypoints	unused by current figures; preserved only in private migration snapshot
input_112	Tumour_Name	retired_file	none in current entrypoints	unused by current figures; preserved only in private migration snapshot
input_112	chr	retired_file	none in current entrypoints	unused by current figures; preserved only in private migration snapshot
input_112	startpos	retired_file	none in current entrypoints	unused by current figures; preserved only in private migration snapshot
input_112	endpos	retired_file	none in current entrypoints	unused by current figures; preserved only in private migration snapshot
input_112	nMaj1_A	retired_file	none in current entrypoints	unused by current figures; preserved only in private migration snapshot
input_112	nMin1_A	retired_file	none in current entrypoints	unused by current figures; preserved only in private migration snapshot
input_112	tumour_ploidy	retired_file	none in current entrypoints	unused by current figures; preserved only in private migration snapshot
input_112	CNA	retired_file	none in current entrypoints	unused by current figures; preserved only in private migration snapshot
input_112	noevent	retired_file	none in current entrypoints	unused by current figures; preserved only in private migration snapshot
input_112	w.mean	retired_file	none in current entrypoints	unused by current figures; preserved only in private migration snapshot
input_112	ID	retired_file	none in current entrypoints	unused by current figures; preserved only in private migration snapshot
input_112	no.chr.bearing.mut	retired_file	none in current entrypoints	unused by current figures; preserved only in private migration snapshot
input_113	Subject	retained	functions/R/recompute.R; functions/R/recompute_extended.R	required calculation/drawing/verification field or cohort linkage key
input_113	sample_id	removed	functions/R/recompute.R; functions/R/recompute_extended.R	unused by current figures; preserved only in private migration snapshot
input_113	Tumor_Barcode	removed	functions/R/recompute.R; functions/R/recompute_extended.R	unused by current figures; preserved only in private migration snapshot
input_113	DN_Group	retained	functions/R/recompute.R; functions/R/recompute_extended.R	required calculation/drawing/verification field or cohort linkage key
input_113	dominant_state	retained	functions/R/recompute.R; functions/R/recompute_extended.R	required calculation/drawing/verification field or cohort linkage key
input_113	BB_Purity	retained	functions/R/recompute.R; functions/R/recompute_extended.R	required calculation/drawing/verification field or cohort linkage key
input_113	ABSOLUTE_Purity	removed	functions/R/recompute.R; functions/R/recompute_extended.R	unused by current figures; preserved only in private migration snapshot
input_113	Age_Years	removed	functions/R/recompute.R; functions/R/recompute_extended.R	unused by current figures; preserved only in private migration snapshot
input_113	Sex	removed	functions/R/recompute.R; functions/R/recompute_extended.R	unused by current figures; preserved only in private migration snapshot
input_113	RNA_Center	retained	functions/R/recompute.R; functions/R/recompute_extended.R	required calculation/drawing/verification field or cohort linkage key
input_113	Plate	removed	functions/R/recompute.R; functions/R/recompute_extended.R	unused by current figures; preserved only in private migration snapshot
input_113	Eligible	removed	functions/R/recompute.R; functions/R/recompute_extended.R	unused by current figures; preserved only in private migration snapshot
input_113	AC-like	removed	functions/R/recompute.R; functions/R/recompute_extended.R	unused by current figures; preserved only in private migration snapshot
input_113	MES-like	removed	functions/R/recompute.R; functions/R/recompute_extended.R	unused by current figures; preserved only in private migration snapshot
input_113	NPC-like	removed	functions/R/recompute.R; functions/R/recompute_extended.R	unused by current figures; preserved only in private migration snapshot
input_113	OPC-like	removed	functions/R/recompute.R; functions/R/recompute_extended.R	unused by current figures; preserved only in private migration snapshot
input_114	DN_Group	retained	main-figure renderers and verification	required calculation/drawing/verification field or cohort linkage key
input_114	dominant_state	retained	main-figure renderers and verification	required calculation/drawing/verification field or cohort linkage key
input_114	N	retained	main-figure renderers and verification	required calculation/drawing/verification field or cohort linkage key
input_115	Purity_Source	retained	functions/R/recompute.R; functions/R/recompute_extended.R	required calculation/drawing/verification field or cohort linkage key
input_115	Model	retained	functions/R/recompute.R; functions/R/recompute_extended.R	required calculation/drawing/verification field or cohort linkage key
input_115	Test	retained	functions/R/recompute.R; functions/R/recompute_extended.R	required calculation/drawing/verification field or cohort linkage key
input_115	Outcome	retained	functions/R/recompute.R; functions/R/recompute_extended.R	required calculation/drawing/verification field or cohort linkage key
input_115	N	retained	functions/R/recompute.R; functions/R/recompute_extended.R	required calculation/drawing/verification field or cohort linkage key
input_115	Statistic	retained	functions/R/recompute.R; functions/R/recompute_extended.R	required calculation/drawing/verification field or cohort linkage key
input_115	DF	retained	functions/R/recompute.R; functions/R/recompute_extended.R	required calculation/drawing/verification field or cohort linkage key
input_115	P	retained	functions/R/recompute.R; functions/R/recompute_extended.R	required calculation/drawing/verification field or cohort linkage key
input_115	Converged	removed	functions/R/recompute.R; functions/R/recompute_extended.R	unused by current figures; preserved only in private migration snapshot
input_115	Q	removed	functions/R/recompute.R; functions/R/recompute_extended.R	unused by current figures; preserved only in private migration snapshot
input_116	Contrast	retired_file	none in current entrypoints	unused by current figures; preserved only in private migration snapshot
input_116	Numerator	retired_file	none in current entrypoints	unused by current figures; preserved only in private migration snapshot
input_116	Denominator	retired_file	none in current entrypoints	unused by current figures; preserved only in private migration snapshot
input_116	Higher_Expression_Group	retired_file	none in current entrypoints	unused by current figures; preserved only in private migration snapshot
input_116	Strong_DE_Genes	retired_file	none in current entrypoints	unused by current figures; preserved only in private migration snapshot
input_116	Center_Replicated_Strong_DE_Genes	retired_file	none in current entrypoints	unused by current figures; preserved only in private migration snapshot
input_116	Signed_Strong_DE_Genes	retired_file	none in current entrypoints	unused by current figures; preserved only in private migration snapshot
input_116	Signed_Center_Replicated_Strong_DE_Genes	retired_file	none in current entrypoints	unused by current figures; preserved only in private migration snapshot
input_117	Subject	retained	functions/R/recompute.R; functions/R/recompute_extended.R	required calculation/drawing/verification field or cohort linkage key
input_117	Tumor_Barcode	removed	functions/R/recompute.R; functions/R/recompute_extended.R	unused by current figures; preserved only in private migration snapshot
input_117	Tumor_Type	removed	functions/R/recompute.R; functions/R/recompute_extended.R	unused by current figures; preserved only in private migration snapshot
input_117	Tumor_File	removed	functions/R/recompute.R; functions/R/recompute_extended.R	unused by current figures; preserved only in private migration snapshot
input_117	Tumor_File_Size	removed	functions/R/recompute.R; functions/R/recompute_extended.R	unused by current figures; preserved only in private migration snapshot
input_117	Normal_Barcode	removed	functions/R/recompute.R; functions/R/recompute_extended.R	unused by current figures; preserved only in private migration snapshot
input_117	Normal_Type	removed	functions/R/recompute.R; functions/R/recompute_extended.R	unused by current figures; preserved only in private migration snapshot
input_117	Normal_File	removed	functions/R/recompute.R; functions/R/recompute_extended.R	unused by current figures; preserved only in private migration snapshot
input_117	Normal_File_Size	removed	functions/R/recompute.R; functions/R/recompute_extended.R	unused by current figures; preserved only in private migration snapshot
input_117	Sex	removed	functions/R/recompute.R; functions/R/recompute_extended.R	unused by current figures; preserved only in private migration snapshot
input_117	race	removed	functions/R/recompute.R; functions/R/recompute_extended.R	unused by current figures; preserved only in private migration snapshot
input_117	ethnicity	removed	functions/R/recompute.R; functions/R/recompute_extended.R	unused by current figures; preserved only in private migration snapshot
input_117	age_at_index	removed	functions/R/recompute.R; functions/R/recompute_extended.R	unused by current figures; preserved only in private migration snapshot
input_117	vital_status	removed	functions/R/recompute.R; functions/R/recompute_extended.R	unused by current figures; preserved only in private migration snapshot
input_117	days_to_death	removed	functions/R/recompute.R; functions/R/recompute_extended.R	unused by current figures; preserved only in private migration snapshot
input_117	days_to_last_follow_up	removed	functions/R/recompute.R; functions/R/recompute_extended.R	unused by current figures; preserved only in private migration snapshot
input_117	overall_survival_months	removed	functions/R/recompute.R; functions/R/recompute_extended.R	unused by current figures; preserved only in private migration snapshot
input_117	overall_survival_status	removed	functions/R/recompute.R; functions/R/recompute_extended.R	unused by current figures; preserved only in private migration snapshot
input_117	primary_diagnosis	removed	functions/R/recompute.R; functions/R/recompute_extended.R	unused by current figures; preserved only in private migration snapshot
input_117	tumor_grade	removed	functions/R/recompute.R; functions/R/recompute_extended.R	unused by current figures; preserved only in private migration snapshot
input_117	subtype	removed	functions/R/recompute.R; functions/R/recompute_extended.R	unused by current figures; preserved only in private migration snapshot
input_117	morphology	removed	functions/R/recompute.R; functions/R/recompute_extended.R	unused by current figures; preserved only in private migration snapshot
input_117	classification_of_tumor	removed	functions/R/recompute.R; functions/R/recompute_extended.R	unused by current figures; preserved only in private migration snapshot
input_117	prior_treatment	removed	functions/R/recompute.R; functions/R/recompute_extended.R	unused by current figures; preserved only in private migration snapshot
input_117	prior_malignancy	removed	functions/R/recompute.R; functions/R/recompute_extended.R	unused by current figures; preserved only in private migration snapshot
input_117	radiation_therapy	removed	functions/R/recompute.R; functions/R/recompute_extended.R	unused by current figures; preserved only in private migration snapshot
input_117	progression_free_status	removed	functions/R/recompute.R; functions/R/recompute_extended.R	unused by current figures; preserved only in private migration snapshot
input_117	progress_free_survival_months	removed	functions/R/recompute.R; functions/R/recompute_extended.R	unused by current figures; preserved only in private migration snapshot
input_117	laterality	removed	functions/R/recompute.R; functions/R/recompute_extended.R	unused by current figures; preserved only in private migration snapshot
input_117	site_of_resection_or_biopsy	removed	functions/R/recompute.R; functions/R/recompute_extended.R	unused by current figures; preserved only in private migration snapshot
input_117	CECC_Original_Subtype	removed	functions/R/recompute.R; functions/R/recompute_extended.R	unused by current figures; preserved only in private migration snapshot
input_117	CECC_Transcriptome_Subtype	removed	functions/R/recompute.R; functions/R/recompute_extended.R	unused by current figures; preserved only in private migration snapshot
input_117	CECC_Pan-Glioma_RNA_Expression_Cluster	removed	functions/R/recompute.R; functions/R/recompute_extended.R	unused by current figures; preserved only in private migration snapshot
input_117	CECC_IDH-specific_RNA_Expression_Cluster	removed	functions/R/recompute.R; functions/R/recompute_extended.R	unused by current figures; preserved only in private migration snapshot
input_117	CECC_Pan-Glioma_DNA_Methylation_Cluster	removed	functions/R/recompute.R; functions/R/recompute_extended.R	unused by current figures; preserved only in private migration snapshot
input_117	CECC_IDH-specific_DNA_Methylation_Cluster	removed	functions/R/recompute.R; functions/R/recompute_extended.R	unused by current figures; preserved only in private migration snapshot
input_117	CECC_Supervised_DNA_Methylation_Cluster	removed	functions/R/recompute.R; functions/R/recompute_extended.R	unused by current figures; preserved only in private migration snapshot
input_117	CECC_Random_Forest_Sturm_Cluster	removed	functions/R/recompute.R; functions/R/recompute_extended.R	unused by current figures; preserved only in private migration snapshot
input_117	CODEL_STATUS	removed	functions/R/recompute.R; functions/R/recompute_extended.R	unused by current figures; preserved only in private migration snapshot
input_117	IDH_Status	removed	functions/R/recompute.R; functions/R/recompute_extended.R	unused by current figures; preserved only in private migration snapshot
input_117	CECC_Subtype_Override	removed	functions/R/recompute.R; functions/R/recompute_extended.R	unused by current figures; preserved only in private migration snapshot
input_117	Subtype_Final	removed	functions/R/recompute.R; functions/R/recompute_extended.R	unused by current figures; preserved only in private migration snapshot
input_117	Subtype_Original	removed	functions/R/recompute.R; functions/R/recompute_extended.R	unused by current figures; preserved only in private migration snapshot
input_117	Research_Classification_Status	removed	functions/R/recompute.R; functions/R/recompute_extended.R	unused by current figures; preserved only in private migration snapshot
input_117	group	retained	functions/R/recompute.R; functions/R/recompute_extended.R	required calculation/drawing/verification field or cohort linkage key
input_117	PC1	removed	functions/R/recompute.R; functions/R/recompute_extended.R	unused by current figures; preserved only in private migration snapshot
input_117	PC2	removed	functions/R/recompute.R; functions/R/recompute_extended.R	unused by current figures; preserved only in private migration snapshot
input_117	BB_Purity	removed	functions/R/recompute.R; functions/R/recompute_extended.R	unused by current figures; preserved only in private migration snapshot
input_117	os_time	retained	functions/R/recompute.R; functions/R/recompute_extended.R	required calculation/drawing/verification field or cohort linkage key
input_117	os_event	retained	functions/R/recompute.R; functions/R/recompute_extended.R	required calculation/drawing/verification field or cohort linkage key
input_117	age10	retained	functions/R/recompute.R; functions/R/recompute_extended.R	required calculation/drawing/verification field or cohort linkage key
input_117	sex	retained	functions/R/recompute.R; functions/R/recompute_extended.R	required calculation/drawing/verification field or cohort linkage key
input_117	purity10	retained	functions/R/recompute.R; functions/R/recompute_extended.R	required calculation/drawing/verification field or cohort linkage key
input_117	valid_os	removed	functions/R/recompute.R; functions/R/recompute_extended.R	unused by current figures; preserved only in private migration snapshot
input_117	grade	retained	functions/R/recompute.R; functions/R/recompute_extended.R	required calculation/drawing/verification field or cohort linkage key
input_117	switcher	removed	functions/R/recompute.R; functions/R/recompute_extended.R	unused by current figures; preserved only in private migration snapshot
input_117	PC1_z	retained	functions/R/recompute.R; functions/R/recompute_extended.R	required calculation/drawing/verification field or cohort linkage key
input_117	PC2_z	retained	functions/R/recompute.R; functions/R/recompute_extended.R	required calculation/drawing/verification field or cohort linkage key
input_118	Subject	retained	functions/R/recompute.R; functions/R/recompute_extended.R	required calculation/drawing/verification field or cohort linkage key
input_118	Tumor_Barcode	removed	functions/R/recompute.R; functions/R/recompute_extended.R	unused by current figures; preserved only in private migration snapshot
input_118	Tumor_Type	removed	functions/R/recompute.R; functions/R/recompute_extended.R	unused by current figures; preserved only in private migration snapshot
input_118	Tumor_File	removed	functions/R/recompute.R; functions/R/recompute_extended.R	unused by current figures; preserved only in private migration snapshot
input_118	Tumor_File_Size	removed	functions/R/recompute.R; functions/R/recompute_extended.R	unused by current figures; preserved only in private migration snapshot
input_118	Normal_Barcode	removed	functions/R/recompute.R; functions/R/recompute_extended.R	unused by current figures; preserved only in private migration snapshot
input_118	Normal_Type	removed	functions/R/recompute.R; functions/R/recompute_extended.R	unused by current figures; preserved only in private migration snapshot
input_118	Normal_File	removed	functions/R/recompute.R; functions/R/recompute_extended.R	unused by current figures; preserved only in private migration snapshot
input_118	Normal_File_Size	removed	functions/R/recompute.R; functions/R/recompute_extended.R	unused by current figures; preserved only in private migration snapshot
input_118	Sex	removed	functions/R/recompute.R; functions/R/recompute_extended.R	unused by current figures; preserved only in private migration snapshot
input_118	race	removed	functions/R/recompute.R; functions/R/recompute_extended.R	unused by current figures; preserved only in private migration snapshot
input_118	ethnicity	removed	functions/R/recompute.R; functions/R/recompute_extended.R	unused by current figures; preserved only in private migration snapshot
input_118	age_at_index	removed	functions/R/recompute.R; functions/R/recompute_extended.R	unused by current figures; preserved only in private migration snapshot
input_118	vital_status	removed	functions/R/recompute.R; functions/R/recompute_extended.R	unused by current figures; preserved only in private migration snapshot
input_118	days_to_death	removed	functions/R/recompute.R; functions/R/recompute_extended.R	unused by current figures; preserved only in private migration snapshot
input_118	days_to_last_follow_up	removed	functions/R/recompute.R; functions/R/recompute_extended.R	unused by current figures; preserved only in private migration snapshot
input_118	overall_survival_months	removed	functions/R/recompute.R; functions/R/recompute_extended.R	unused by current figures; preserved only in private migration snapshot
input_118	overall_survival_status	removed	functions/R/recompute.R; functions/R/recompute_extended.R	unused by current figures; preserved only in private migration snapshot
input_118	primary_diagnosis	removed	functions/R/recompute.R; functions/R/recompute_extended.R	unused by current figures; preserved only in private migration snapshot
input_118	tumor_grade	removed	functions/R/recompute.R; functions/R/recompute_extended.R	unused by current figures; preserved only in private migration snapshot
input_118	subtype	removed	functions/R/recompute.R; functions/R/recompute_extended.R	unused by current figures; preserved only in private migration snapshot
input_118	morphology	removed	functions/R/recompute.R; functions/R/recompute_extended.R	unused by current figures; preserved only in private migration snapshot
input_118	classification_of_tumor	removed	functions/R/recompute.R; functions/R/recompute_extended.R	unused by current figures; preserved only in private migration snapshot
input_118	prior_treatment	removed	functions/R/recompute.R; functions/R/recompute_extended.R	unused by current figures; preserved only in private migration snapshot
input_118	prior_malignancy	removed	functions/R/recompute.R; functions/R/recompute_extended.R	unused by current figures; preserved only in private migration snapshot
input_118	radiation_therapy	removed	functions/R/recompute.R; functions/R/recompute_extended.R	unused by current figures; preserved only in private migration snapshot
input_118	progression_free_status	removed	functions/R/recompute.R; functions/R/recompute_extended.R	unused by current figures; preserved only in private migration snapshot
input_118	progress_free_survival_months	removed	functions/R/recompute.R; functions/R/recompute_extended.R	unused by current figures; preserved only in private migration snapshot
input_118	laterality	removed	functions/R/recompute.R; functions/R/recompute_extended.R	unused by current figures; preserved only in private migration snapshot
input_118	site_of_resection_or_biopsy	removed	functions/R/recompute.R; functions/R/recompute_extended.R	unused by current figures; preserved only in private migration snapshot
input_118	CECC_Original_Subtype	removed	functions/R/recompute.R; functions/R/recompute_extended.R	unused by current figures; preserved only in private migration snapshot
input_118	CECC_Transcriptome_Subtype	removed	functions/R/recompute.R; functions/R/recompute_extended.R	unused by current figures; preserved only in private migration snapshot
input_118	CECC_Pan-Glioma_RNA_Expression_Cluster	removed	functions/R/recompute.R; functions/R/recompute_extended.R	unused by current figures; preserved only in private migration snapshot
input_118	CECC_IDH-specific_RNA_Expression_Cluster	removed	functions/R/recompute.R; functions/R/recompute_extended.R	unused by current figures; preserved only in private migration snapshot
input_118	CECC_Pan-Glioma_DNA_Methylation_Cluster	removed	functions/R/recompute.R; functions/R/recompute_extended.R	unused by current figures; preserved only in private migration snapshot
input_118	CECC_IDH-specific_DNA_Methylation_Cluster	removed	functions/R/recompute.R; functions/R/recompute_extended.R	unused by current figures; preserved only in private migration snapshot
input_118	CECC_Supervised_DNA_Methylation_Cluster	removed	functions/R/recompute.R; functions/R/recompute_extended.R	unused by current figures; preserved only in private migration snapshot
input_118	CECC_Random_Forest_Sturm_Cluster	removed	functions/R/recompute.R; functions/R/recompute_extended.R	unused by current figures; preserved only in private migration snapshot
input_118	CODEL_STATUS	removed	functions/R/recompute.R; functions/R/recompute_extended.R	unused by current figures; preserved only in private migration snapshot
input_118	IDH_Status	removed	functions/R/recompute.R; functions/R/recompute_extended.R	unused by current figures; preserved only in private migration snapshot
input_118	CECC_Subtype_Override	removed	functions/R/recompute.R; functions/R/recompute_extended.R	unused by current figures; preserved only in private migration snapshot
input_118	Subtype_Final	removed	functions/R/recompute.R; functions/R/recompute_extended.R	unused by current figures; preserved only in private migration snapshot
input_118	Subtype_Original	removed	functions/R/recompute.R; functions/R/recompute_extended.R	unused by current figures; preserved only in private migration snapshot
input_118	Research_Classification_Status	removed	functions/R/recompute.R; functions/R/recompute_extended.R	unused by current figures; preserved only in private migration snapshot
input_118	group	retained	functions/R/recompute.R; functions/R/recompute_extended.R	required calculation/drawing/verification field or cohort linkage key
input_118	PC1	removed	functions/R/recompute.R; functions/R/recompute_extended.R	unused by current figures; preserved only in private migration snapshot
input_118	PC2	removed	functions/R/recompute.R; functions/R/recompute_extended.R	unused by current figures; preserved only in private migration snapshot
input_118	BB_Purity	removed	functions/R/recompute.R; functions/R/recompute_extended.R	unused by current figures; preserved only in private migration snapshot
input_118	os_time	retained	functions/R/recompute.R; functions/R/recompute_extended.R	required calculation/drawing/verification field or cohort linkage key
input_118	os_event	retained	functions/R/recompute.R; functions/R/recompute_extended.R	required calculation/drawing/verification field or cohort linkage key
input_118	age10	removed	functions/R/recompute.R; functions/R/recompute_extended.R	unused by current figures; preserved only in private migration snapshot
input_118	sex	removed	functions/R/recompute.R; functions/R/recompute_extended.R	unused by current figures; preserved only in private migration snapshot
input_118	purity10	removed	functions/R/recompute.R; functions/R/recompute_extended.R	unused by current figures; preserved only in private migration snapshot
input_118	valid_os	removed	functions/R/recompute.R; functions/R/recompute_extended.R	unused by current figures; preserved only in private migration snapshot
input_118	grade	removed	functions/R/recompute.R; functions/R/recompute_extended.R	unused by current figures; preserved only in private migration snapshot
input_118	switcher	removed	functions/R/recompute.R; functions/R/recompute_extended.R	unused by current figures; preserved only in private migration snapshot
input_119	term	retained	main-figure renderers and verification	required calculation/drawing/verification field or cohort linkage key
input_119	estimate	retained	main-figure renderers and verification	required calculation/drawing/verification field or cohort linkage key
input_119	p.value	retained	main-figure renderers and verification	required calculation/drawing/verification field or cohort linkage key
input_119	conf.low	retained	main-figure renderers and verification	required calculation/drawing/verification field or cohort linkage key
input_119	conf.high	retained	main-figure renderers and verification	required calculation/drawing/verification field or cohort linkage key
input_119	label	retained	main-figure renderers and verification	required calculation/drawing/verification field or cohort linkage key
input_119	sig	retained	main-figure renderers and verification	required calculation/drawing/verification field or cohort linkage key
input_119	plot_label	retained	main-figure renderers and verification	required calculation/drawing/verification field or cohort linkage key
input_119	original_estimate	retained	main-figure renderers and verification	required calculation/drawing/verification field or cohort linkage key
input_119	original_conf_low	retained	main-figure renderers and verification	required calculation/drawing/verification field or cohort linkage key
input_119	original_conf_high	retained	main-figure renderers and verification	required calculation/drawing/verification field or cohort linkage key
input_119	original_label	retained	main-figure renderers and verification	required calculation/drawing/verification field or cohort linkage key
input_119	contrast_reversed	retained	main-figure renderers and verification	required calculation/drawing/verification field or cohort linkage key
input_120	analysis	retained	main-figure renderers and verification	required calculation/drawing/verification field or cohort linkage key
input_120	term	retained	main-figure renderers and verification	required calculation/drawing/verification field or cohort linkage key
input_120	estimate	retained	main-figure renderers and verification	required calculation/drawing/verification field or cohort linkage key
input_120	std.error	retained	main-figure renderers and verification	required calculation/drawing/verification field or cohort linkage key
input_120	statistic	retained	main-figure renderers and verification	required calculation/drawing/verification field or cohort linkage key
input_120	p.value	retained	main-figure renderers and verification	required calculation/drawing/verification field or cohort linkage key
input_120	conf.low	retained	main-figure renderers and verification	required calculation/drawing/verification field or cohort linkage key
input_120	conf.high	retained	main-figure renderers and verification	required calculation/drawing/verification field or cohort linkage key
input_120	label	retained	main-figure renderers and verification	required calculation/drawing/verification field or cohort linkage key
input_120	original_estimate	retained	main-figure renderers and verification	required calculation/drawing/verification field or cohort linkage key
input_120	original_conf_low	retained	main-figure renderers and verification	required calculation/drawing/verification field or cohort linkage key
input_120	original_conf_high	retained	main-figure renderers and verification	required calculation/drawing/verification field or cohort linkage key
input_120	original_label	retained	main-figure renderers and verification	required calculation/drawing/verification field or cohort linkage key
input_120	contrast_reversed	retained	main-figure renderers and verification	required calculation/drawing/verification field or cohort linkage key
input_120	original_statistic	retained	main-figure renderers and verification	required calculation/drawing/verification field or cohort linkage key
input_121	Subject	retained	functions/R/recompute.R; functions/R/recompute_extended.R	required calculation/drawing/verification field or cohort linkage key
input_121	Tumor_Barcode	removed	functions/R/recompute.R; functions/R/recompute_extended.R	unused by current figures; preserved only in private migration snapshot
input_121	Tumor_Type	removed	functions/R/recompute.R; functions/R/recompute_extended.R	unused by current figures; preserved only in private migration snapshot
input_121	Tumor_File	removed	functions/R/recompute.R; functions/R/recompute_extended.R	unused by current figures; preserved only in private migration snapshot
input_121	Tumor_File_Size	removed	functions/R/recompute.R; functions/R/recompute_extended.R	unused by current figures; preserved only in private migration snapshot
input_121	Normal_Barcode	removed	functions/R/recompute.R; functions/R/recompute_extended.R	unused by current figures; preserved only in private migration snapshot
input_121	Normal_Type	removed	functions/R/recompute.R; functions/R/recompute_extended.R	unused by current figures; preserved only in private migration snapshot
input_121	Normal_File	removed	functions/R/recompute.R; functions/R/recompute_extended.R	unused by current figures; preserved only in private migration snapshot
input_121	Normal_File_Size	removed	functions/R/recompute.R; functions/R/recompute_extended.R	unused by current figures; preserved only in private migration snapshot
input_121	Sex	removed	functions/R/recompute.R; functions/R/recompute_extended.R	unused by current figures; preserved only in private migration snapshot
input_121	race	removed	functions/R/recompute.R; functions/R/recompute_extended.R	unused by current figures; preserved only in private migration snapshot
input_121	ethnicity	removed	functions/R/recompute.R; functions/R/recompute_extended.R	unused by current figures; preserved only in private migration snapshot
input_121	age_at_index	removed	functions/R/recompute.R; functions/R/recompute_extended.R	unused by current figures; preserved only in private migration snapshot
input_121	vital_status	removed	functions/R/recompute.R; functions/R/recompute_extended.R	unused by current figures; preserved only in private migration snapshot
input_121	days_to_death	removed	functions/R/recompute.R; functions/R/recompute_extended.R	unused by current figures; preserved only in private migration snapshot
input_121	days_to_last_follow_up	removed	functions/R/recompute.R; functions/R/recompute_extended.R	unused by current figures; preserved only in private migration snapshot
input_121	overall_survival_months	removed	functions/R/recompute.R; functions/R/recompute_extended.R	unused by current figures; preserved only in private migration snapshot
input_121	overall_survival_status	removed	functions/R/recompute.R; functions/R/recompute_extended.R	unused by current figures; preserved only in private migration snapshot
input_121	primary_diagnosis	removed	functions/R/recompute.R; functions/R/recompute_extended.R	unused by current figures; preserved only in private migration snapshot
input_121	tumor_grade	removed	functions/R/recompute.R; functions/R/recompute_extended.R	unused by current figures; preserved only in private migration snapshot
input_121	subtype	removed	functions/R/recompute.R; functions/R/recompute_extended.R	unused by current figures; preserved only in private migration snapshot
input_121	morphology	removed	functions/R/recompute.R; functions/R/recompute_extended.R	unused by current figures; preserved only in private migration snapshot
input_121	classification_of_tumor	removed	functions/R/recompute.R; functions/R/recompute_extended.R	unused by current figures; preserved only in private migration snapshot
input_121	prior_treatment	removed	functions/R/recompute.R; functions/R/recompute_extended.R	unused by current figures; preserved only in private migration snapshot
input_121	prior_malignancy	removed	functions/R/recompute.R; functions/R/recompute_extended.R	unused by current figures; preserved only in private migration snapshot
input_121	radiation_therapy	removed	functions/R/recompute.R; functions/R/recompute_extended.R	unused by current figures; preserved only in private migration snapshot
input_121	progression_free_status	removed	functions/R/recompute.R; functions/R/recompute_extended.R	unused by current figures; preserved only in private migration snapshot
input_121	progress_free_survival_months	removed	functions/R/recompute.R; functions/R/recompute_extended.R	unused by current figures; preserved only in private migration snapshot
input_121	laterality	removed	functions/R/recompute.R; functions/R/recompute_extended.R	unused by current figures; preserved only in private migration snapshot
input_121	site_of_resection_or_biopsy	removed	functions/R/recompute.R; functions/R/recompute_extended.R	unused by current figures; preserved only in private migration snapshot
input_121	CECC_Original_Subtype	removed	functions/R/recompute.R; functions/R/recompute_extended.R	unused by current figures; preserved only in private migration snapshot
input_121	CECC_Transcriptome_Subtype	removed	functions/R/recompute.R; functions/R/recompute_extended.R	unused by current figures; preserved only in private migration snapshot
input_121	CECC_Pan-Glioma_RNA_Expression_Cluster	removed	functions/R/recompute.R; functions/R/recompute_extended.R	unused by current figures; preserved only in private migration snapshot
input_121	CECC_IDH-specific_RNA_Expression_Cluster	removed	functions/R/recompute.R; functions/R/recompute_extended.R	unused by current figures; preserved only in private migration snapshot
input_121	CECC_Pan-Glioma_DNA_Methylation_Cluster	removed	functions/R/recompute.R; functions/R/recompute_extended.R	unused by current figures; preserved only in private migration snapshot
input_121	CECC_IDH-specific_DNA_Methylation_Cluster	removed	functions/R/recompute.R; functions/R/recompute_extended.R	unused by current figures; preserved only in private migration snapshot
input_121	CECC_Supervised_DNA_Methylation_Cluster	removed	functions/R/recompute.R; functions/R/recompute_extended.R	unused by current figures; preserved only in private migration snapshot
input_121	CECC_Random_Forest_Sturm_Cluster	removed	functions/R/recompute.R; functions/R/recompute_extended.R	unused by current figures; preserved only in private migration snapshot
input_121	CODEL_STATUS	removed	functions/R/recompute.R; functions/R/recompute_extended.R	unused by current figures; preserved only in private migration snapshot
input_121	IDH_Status	removed	functions/R/recompute.R; functions/R/recompute_extended.R	unused by current figures; preserved only in private migration snapshot
input_121	CECC_Subtype_Override	removed	functions/R/recompute.R; functions/R/recompute_extended.R	unused by current figures; preserved only in private migration snapshot
input_121	Subtype_Final	removed	functions/R/recompute.R; functions/R/recompute_extended.R	unused by current figures; preserved only in private migration snapshot
input_121	Subtype_Original	removed	functions/R/recompute.R; functions/R/recompute_extended.R	unused by current figures; preserved only in private migration snapshot
input_121	Research_Classification_Status	removed	functions/R/recompute.R; functions/R/recompute_extended.R	unused by current figures; preserved only in private migration snapshot
input_121	group	retained	functions/R/recompute.R; functions/R/recompute_extended.R	required calculation/drawing/verification field or cohort linkage key
input_121	BB_Purity	removed	functions/R/recompute.R; functions/R/recompute_extended.R	unused by current figures; preserved only in private migration snapshot
input_121	PC1	removed	functions/R/recompute.R; functions/R/recompute_extended.R	unused by current figures; preserved only in private migration snapshot
input_121	PC2	removed	functions/R/recompute.R; functions/R/recompute_extended.R	unused by current figures; preserved only in private migration snapshot
input_121	os_time	retained	functions/R/recompute.R; functions/R/recompute_extended.R	required calculation/drawing/verification field or cohort linkage key
input_121	os_event	retained	functions/R/recompute.R; functions/R/recompute_extended.R	required calculation/drawing/verification field or cohort linkage key
input_121	age10	retained	functions/R/recompute.R; functions/R/recompute_extended.R	required calculation/drawing/verification field or cohort linkage key
input_121	sex	retained	functions/R/recompute.R; functions/R/recompute_extended.R	required calculation/drawing/verification field or cohort linkage key
input_121	purity10	retained	functions/R/recompute.R; functions/R/recompute_extended.R	required calculation/drawing/verification field or cohort linkage key
input_121	valid_os	removed	functions/R/recompute.R; functions/R/recompute_extended.R	unused by current figures; preserved only in private migration snapshot
input_121	switcher	removed	functions/R/recompute.R; functions/R/recompute_extended.R	unused by current figures; preserved only in private migration snapshot
input_121	PC1_z	retained	functions/R/recompute.R; functions/R/recompute_extended.R	required calculation/drawing/verification field or cohort linkage key
input_121	PC2_z	retained	functions/R/recompute.R; functions/R/recompute_extended.R	required calculation/drawing/verification field or cohort linkage key
input_122	Subject	retained	functions/R/recompute.R; functions/R/recompute_extended.R	required calculation/drawing/verification field or cohort linkage key
input_122	Tumor_Barcode	removed	functions/R/recompute.R; functions/R/recompute_extended.R	unused by current figures; preserved only in private migration snapshot
input_122	Tumor_Type	removed	functions/R/recompute.R; functions/R/recompute_extended.R	unused by current figures; preserved only in private migration snapshot
input_122	Tumor_File	removed	functions/R/recompute.R; functions/R/recompute_extended.R	unused by current figures; preserved only in private migration snapshot
input_122	Tumor_File_Size	removed	functions/R/recompute.R; functions/R/recompute_extended.R	unused by current figures; preserved only in private migration snapshot
input_122	Normal_Barcode	removed	functions/R/recompute.R; functions/R/recompute_extended.R	unused by current figures; preserved only in private migration snapshot
input_122	Normal_Type	removed	functions/R/recompute.R; functions/R/recompute_extended.R	unused by current figures; preserved only in private migration snapshot
input_122	Normal_File	removed	functions/R/recompute.R; functions/R/recompute_extended.R	unused by current figures; preserved only in private migration snapshot
input_122	Normal_File_Size	removed	functions/R/recompute.R; functions/R/recompute_extended.R	unused by current figures; preserved only in private migration snapshot
input_122	Sex	removed	functions/R/recompute.R; functions/R/recompute_extended.R	unused by current figures; preserved only in private migration snapshot
input_122	race	removed	functions/R/recompute.R; functions/R/recompute_extended.R	unused by current figures; preserved only in private migration snapshot
input_122	ethnicity	removed	functions/R/recompute.R; functions/R/recompute_extended.R	unused by current figures; preserved only in private migration snapshot
input_122	age_at_index	removed	functions/R/recompute.R; functions/R/recompute_extended.R	unused by current figures; preserved only in private migration snapshot
input_122	vital_status	removed	functions/R/recompute.R; functions/R/recompute_extended.R	unused by current figures; preserved only in private migration snapshot
input_122	days_to_death	removed	functions/R/recompute.R; functions/R/recompute_extended.R	unused by current figures; preserved only in private migration snapshot
input_122	days_to_last_follow_up	removed	functions/R/recompute.R; functions/R/recompute_extended.R	unused by current figures; preserved only in private migration snapshot
input_122	overall_survival_months	removed	functions/R/recompute.R; functions/R/recompute_extended.R	unused by current figures; preserved only in private migration snapshot
input_122	overall_survival_status	removed	functions/R/recompute.R; functions/R/recompute_extended.R	unused by current figures; preserved only in private migration snapshot
input_122	primary_diagnosis	removed	functions/R/recompute.R; functions/R/recompute_extended.R	unused by current figures; preserved only in private migration snapshot
input_122	tumor_grade	removed	functions/R/recompute.R; functions/R/recompute_extended.R	unused by current figures; preserved only in private migration snapshot
input_122	subtype	removed	functions/R/recompute.R; functions/R/recompute_extended.R	unused by current figures; preserved only in private migration snapshot
input_122	morphology	removed	functions/R/recompute.R; functions/R/recompute_extended.R	unused by current figures; preserved only in private migration snapshot
input_122	classification_of_tumor	removed	functions/R/recompute.R; functions/R/recompute_extended.R	unused by current figures; preserved only in private migration snapshot
input_122	prior_treatment	removed	functions/R/recompute.R; functions/R/recompute_extended.R	unused by current figures; preserved only in private migration snapshot
input_122	prior_malignancy	removed	functions/R/recompute.R; functions/R/recompute_extended.R	unused by current figures; preserved only in private migration snapshot
input_122	radiation_therapy	removed	functions/R/recompute.R; functions/R/recompute_extended.R	unused by current figures; preserved only in private migration snapshot
input_122	progression_free_status	removed	functions/R/recompute.R; functions/R/recompute_extended.R	unused by current figures; preserved only in private migration snapshot
input_122	progress_free_survival_months	removed	functions/R/recompute.R; functions/R/recompute_extended.R	unused by current figures; preserved only in private migration snapshot
input_122	laterality	removed	functions/R/recompute.R; functions/R/recompute_extended.R	unused by current figures; preserved only in private migration snapshot
input_122	site_of_resection_or_biopsy	removed	functions/R/recompute.R; functions/R/recompute_extended.R	unused by current figures; preserved only in private migration snapshot
input_122	CECC_Original_Subtype	removed	functions/R/recompute.R; functions/R/recompute_extended.R	unused by current figures; preserved only in private migration snapshot
input_122	CECC_Transcriptome_Subtype	removed	functions/R/recompute.R; functions/R/recompute_extended.R	unused by current figures; preserved only in private migration snapshot
input_122	CECC_Pan-Glioma_RNA_Expression_Cluster	removed	functions/R/recompute.R; functions/R/recompute_extended.R	unused by current figures; preserved only in private migration snapshot
input_122	CECC_IDH-specific_RNA_Expression_Cluster	removed	functions/R/recompute.R; functions/R/recompute_extended.R	unused by current figures; preserved only in private migration snapshot
input_122	CECC_Pan-Glioma_DNA_Methylation_Cluster	removed	functions/R/recompute.R; functions/R/recompute_extended.R	unused by current figures; preserved only in private migration snapshot
input_122	CECC_IDH-specific_DNA_Methylation_Cluster	removed	functions/R/recompute.R; functions/R/recompute_extended.R	unused by current figures; preserved only in private migration snapshot
input_122	CECC_Supervised_DNA_Methylation_Cluster	removed	functions/R/recompute.R; functions/R/recompute_extended.R	unused by current figures; preserved only in private migration snapshot
input_122	CECC_Random_Forest_Sturm_Cluster	removed	functions/R/recompute.R; functions/R/recompute_extended.R	unused by current figures; preserved only in private migration snapshot
input_122	CODEL_STATUS	removed	functions/R/recompute.R; functions/R/recompute_extended.R	unused by current figures; preserved only in private migration snapshot
input_122	IDH_Status	removed	functions/R/recompute.R; functions/R/recompute_extended.R	unused by current figures; preserved only in private migration snapshot
input_122	CECC_Subtype_Override	removed	functions/R/recompute.R; functions/R/recompute_extended.R	unused by current figures; preserved only in private migration snapshot
input_122	Subtype_Final	removed	functions/R/recompute.R; functions/R/recompute_extended.R	unused by current figures; preserved only in private migration snapshot
input_122	Subtype_Original	removed	functions/R/recompute.R; functions/R/recompute_extended.R	unused by current figures; preserved only in private migration snapshot
input_122	Research_Classification_Status	removed	functions/R/recompute.R; functions/R/recompute_extended.R	unused by current figures; preserved only in private migration snapshot
input_122	group	retained	functions/R/recompute.R; functions/R/recompute_extended.R	required calculation/drawing/verification field or cohort linkage key
input_122	BB_Purity	removed	functions/R/recompute.R; functions/R/recompute_extended.R	unused by current figures; preserved only in private migration snapshot
input_122	PC1	removed	functions/R/recompute.R; functions/R/recompute_extended.R	unused by current figures; preserved only in private migration snapshot
input_122	PC2	removed	functions/R/recompute.R; functions/R/recompute_extended.R	unused by current figures; preserved only in private migration snapshot
input_122	os_time	retained	functions/R/recompute.R; functions/R/recompute_extended.R	required calculation/drawing/verification field or cohort linkage key
input_122	os_event	retained	functions/R/recompute.R; functions/R/recompute_extended.R	required calculation/drawing/verification field or cohort linkage key
input_122	age10	removed	functions/R/recompute.R; functions/R/recompute_extended.R	unused by current figures; preserved only in private migration snapshot
input_122	sex	removed	functions/R/recompute.R; functions/R/recompute_extended.R	unused by current figures; preserved only in private migration snapshot
input_122	purity10	removed	functions/R/recompute.R; functions/R/recompute_extended.R	unused by current figures; preserved only in private migration snapshot
input_122	valid_os	removed	functions/R/recompute.R; functions/R/recompute_extended.R	unused by current figures; preserved only in private migration snapshot
input_122	switcher	removed	functions/R/recompute.R; functions/R/recompute_extended.R	unused by current figures; preserved only in private migration snapshot
input_123	analysis	retained	functions/R/recompute.R; functions/R/recompute_extended.R	required calculation/drawing/verification field or cohort linkage key
input_123	n	retained	functions/R/recompute.R; functions/R/recompute_extended.R	required calculation/drawing/verification field or cohort linkage key
input_123	events	retained	functions/R/recompute.R; functions/R/recompute_extended.R	required calculation/drawing/verification field or cohort linkage key
input_123	p_value	retained	functions/R/recompute.R; functions/R/recompute_extended.R	required calculation/drawing/verification field or cohort linkage key
input_124	analysis	retained	functions/R/recompute.R; functions/R/recompute_extended.R	required calculation/drawing/verification field or cohort linkage key
input_124	term	retained	functions/R/recompute.R; functions/R/recompute_extended.R	required calculation/drawing/verification field or cohort linkage key
input_124	estimate	retained	functions/R/recompute.R; functions/R/recompute_extended.R	required calculation/drawing/verification field or cohort linkage key
input_124	std.error	retained	functions/R/recompute.R; functions/R/recompute_extended.R	required calculation/drawing/verification field or cohort linkage key
input_124	statistic	retained	functions/R/recompute.R; functions/R/recompute_extended.R	required calculation/drawing/verification field or cohort linkage key
input_124	p.value	retained	functions/R/recompute.R; functions/R/recompute_extended.R	required calculation/drawing/verification field or cohort linkage key
input_124	conf.low	retained	functions/R/recompute.R; functions/R/recompute_extended.R	required calculation/drawing/verification field or cohort linkage key
input_124	conf.high	retained	functions/R/recompute.R; functions/R/recompute_extended.R	required calculation/drawing/verification field or cohort linkage key
input_125	PL_Group	retired_file	none in current entrypoints	unused by current figures; preserved only in private migration snapshot
input_125	Subtype_Final	retired_file	none in current entrypoints	unused by current figures; preserved only in private migration snapshot
input_125	n	retired_file	none in current entrypoints	unused by current figures; preserved only in private migration snapshot
input_125	group_total	retired_file	none in current entrypoints	unused by current figures; preserved only in private migration snapshot
input_125	percent_within_group	retired_file	none in current entrypoints	unused by current figures; preserved only in private migration snapshot
input_126	Subtype_Final	retained	main-figure renderers and verification	required calculation/drawing/verification field or cohort linkage key
input_126	category	retained	main-figure renderers and verification	required calculation/drawing/verification field or cohort linkage key
input_126	time_bin	retained	main-figure renderers and verification	required calculation/drawing/verification field or cohort linkage key
input_126	weight	retained	main-figure renderers and verification	required calculation/drawing/verification field or cohort linkage key
input_126	n_events	retained	main-figure renderers and verification	required calculation/drawing/verification field or cohort linkage key
input_126	n_samples	retained	main-figure renderers and verification	required calculation/drawing/verification field or cohort linkage key
input_126	time_mid	retained	main-figure renderers and verification	required calculation/drawing/verification field or cohort linkage key
input_127	Tumor_Barcode	retained	main-figure renderers and verification	required calculation/drawing/verification field or cohort linkage key
input_127	Subtype_Final	retained	main-figure renderers and verification	required calculation/drawing/verification field or cohort linkage key
input_127	chr	retained	main-figure renderers and verification	required calculation/drawing/verification field or cohort linkage key
input_127	category	retained	main-figure renderers and verification	required calculation/drawing/verification field or cohort linkage key
input_127	time	retained	main-figure renderers and verification	required calculation/drawing/verification field or cohort linkage key
input_127	weight	retained	main-figure renderers and verification	required calculation/drawing/verification field or cohort linkage key
input_127	source_type	retained	main-figure renderers and verification	required calculation/drawing/verification field or cohort linkage key
input_128	Subtype_Final	retained	main-figure renderers and verification	required calculation/drawing/verification field or cohort linkage key
input_128	time	retained	main-figure renderers and verification	required calculation/drawing/verification field or cohort linkage key
input_128	segment_weight	retained	main-figure renderers and verification	required calculation/drawing/verification field or cohort linkage key
input_128	cum_frac	retained	main-figure renderers and verification	required calculation/drawing/verification field or cohort linkage key
input_128	cum_frac_display	retained	main-figure renderers and verification	required calculation/drawing/verification field or cohort linkage key
input_129	statistic	retained	main-figure renderers and verification	required calculation/drawing/verification field or cohort linkage key
input_129	observed	retained	main-figure renderers and verification	required calculation/drawing/verification field or cohort linkage key
input_129	pvalue	retained	main-figure renderers and verification	required calculation/drawing/verification field or cohort linkage key
input_129	n_permutations	retained	main-figure renderers and verification	required calculation/drawing/verification field or cohort linkage key
input_130	Subtype_Final	retained	main-figure renderers and verification	required calculation/drawing/verification field or cohort linkage key
input_130	weighted_mean_time	retained	main-figure renderers and verification	required calculation/drawing/verification field or cohort linkage key
input_130	n_samples	retained	main-figure renderers and verification	required calculation/drawing/verification field or cohort linkage key
input_130	n_segments	retained	main-figure renderers and verification	required calculation/drawing/verification field or cohort linkage key
input_130	total_gain_mb	retained	main-figure renderers and verification	required calculation/drawing/verification field or cohort linkage key
input_131	metric	retained	main-figure renderers and verification	required calculation/drawing/verification field or cohort linkage key
input_131	group_1	retained	main-figure renderers and verification	required calculation/drawing/verification field or cohort linkage key
input_131	group_2	retained	main-figure renderers and verification	required calculation/drawing/verification field or cohort linkage key
input_131	comparison_order	retained	main-figure renderers and verification	required calculation/drawing/verification field or cohort linkage key
input_131	n_group_1	retained	main-figure renderers and verification	required calculation/drawing/verification field or cohort linkage key
input_131	n_group_2	retained	main-figure renderers and verification	required calculation/drawing/verification field or cohort linkage key
input_131	pvalue	retained	main-figure renderers and verification	required calculation/drawing/verification field or cohort linkage key
input_131	padj_bh	retained	main-figure renderers and verification	required calculation/drawing/verification field or cohort linkage key
input_131	label	retained	main-figure renderers and verification	required calculation/drawing/verification field or cohort linkage key
input_132	Tumor_Barcode	retained	main-figure renderers and verification	required calculation/drawing/verification field or cohort linkage key
input_132	Subtype_Final	retained	main-figure renderers and verification	required calculation/drawing/verification field or cohort linkage key
input_132	Metric	retained	main-figure renderers and verification	required calculation/drawing/verification field or cohort linkage key
input_132	value	retained	main-figure renderers and verification	required calculation/drawing/verification field or cohort linkage key
input_133	Subtype_Final	retained	main-figure renderers and verification	required calculation/drawing/verification field or cohort linkage key
input_133	G	retained	main-figure renderers and verification	required calculation/drawing/verification field or cohort linkage key
input_133	n_ordering_realizations	retained	main-figure renderers and verification	required calculation/drawing/verification field or cohort linkage key
input_133	median_bic	retained	main-figure renderers and verification	required calculation/drawing/verification field or cohort linkage key
input_133	delta_bic	retained	main-figure renderers and verification	required calculation/drawing/verification field or cohort linkage key
input_133	n_samples	retained	main-figure renderers and verification	required calculation/drawing/verification field or cohort linkage key
input_133	selected	retained	main-figure renderers and verification	required calculation/drawing/verification field or cohort linkage key
input_133	selected_g	retained	main-figure renderers and verification	required calculation/drawing/verification field or cohort linkage key
input_133	delta_label	retained	main-figure renderers and verification	required calculation/drawing/verification field or cohort linkage key
input_133	subtype_label	retained	main-figure renderers and verification	required calculation/drawing/verification field or cohort linkage key
input_134	Subtype_Final	retained	main-figure renderers and verification	required calculation/drawing/verification field or cohort linkage key
input_134	n_samples	retained	main-figure renderers and verification	required calculation/drawing/verification field or cohort linkage key
input_135	true	retired_file	none in current entrypoints	unused by current figures; preserved only in private migration snapshot
input_135	ordered	retired_file	none in current entrypoints	unused by current figures; preserved only in private migration snapshot
input_136	1	retired_file	none in current entrypoints	unused by current figures; preserved only in private migration snapshot
input_136	2	retired_file	none in current entrypoints	unused by current figures; preserved only in private migration snapshot
input_136	3	retired_file	none in current entrypoints	unused by current figures; preserved only in private migration snapshot
input_136	4	retired_file	none in current entrypoints	unused by current figures; preserved only in private migration snapshot
input_136	5	retired_file	none in current entrypoints	unused by current figures; preserved only in private migration snapshot
input_136	6	retired_file	none in current entrypoints	unused by current figures; preserved only in private migration snapshot
input_136	7	retired_file	none in current entrypoints	unused by current figures; preserved only in private migration snapshot
input_136	8	retired_file	none in current entrypoints	unused by current figures; preserved only in private migration snapshot
input_136	9	retired_file	none in current entrypoints	unused by current figures; preserved only in private migration snapshot
input_136	10	retired_file	none in current entrypoints	unused by current figures; preserved only in private migration snapshot
input_136	11	retired_file	none in current entrypoints	unused by current figures; preserved only in private migration snapshot
input_136	12	retired_file	none in current entrypoints	unused by current figures; preserved only in private migration snapshot
input_136	13	retired_file	none in current entrypoints	unused by current figures; preserved only in private migration snapshot
input_136	14	retired_file	none in current entrypoints	unused by current figures; preserved only in private migration snapshot
input_136	15	retired_file	none in current entrypoints	unused by current figures; preserved only in private migration snapshot
input_136	16	retired_file	none in current entrypoints	unused by current figures; preserved only in private migration snapshot
input_136	17	retired_file	none in current entrypoints	unused by current figures; preserved only in private migration snapshot
input_136	18	retired_file	none in current entrypoints	unused by current figures; preserved only in private migration snapshot
input_136	19	retired_file	none in current entrypoints	unused by current figures; preserved only in private migration snapshot
input_136	20	retired_file	none in current entrypoints	unused by current figures; preserved only in private migration snapshot
input_136	21	retired_file	none in current entrypoints	unused by current figures; preserved only in private migration snapshot
input_136	22	retired_file	none in current entrypoints	unused by current figures; preserved only in private migration snapshot
input_136	23	retired_file	none in current entrypoints	unused by current figures; preserved only in private migration snapshot
input_136	24	retired_file	none in current entrypoints	unused by current figures; preserved only in private migration snapshot
input_136	25	retired_file	none in current entrypoints	unused by current figures; preserved only in private migration snapshot
input_136	26	retired_file	none in current entrypoints	unused by current figures; preserved only in private migration snapshot
input_136	27	retired_file	none in current entrypoints	unused by current figures; preserved only in private migration snapshot
input_136	28	retired_file	none in current entrypoints	unused by current figures; preserved only in private migration snapshot
input_136	29	retired_file	none in current entrypoints	unused by current figures; preserved only in private migration snapshot
input_136	30	retired_file	none in current entrypoints	unused by current figures; preserved only in private migration snapshot
input_136	31	retired_file	none in current entrypoints	unused by current figures; preserved only in private migration snapshot
input_136	32	retired_file	none in current entrypoints	unused by current figures; preserved only in private migration snapshot
input_136	33	retired_file	none in current entrypoints	unused by current figures; preserved only in private migration snapshot
input_136	34	retired_file	none in current entrypoints	unused by current figures; preserved only in private migration snapshot
input_136	35	retired_file	none in current entrypoints	unused by current figures; preserved only in private migration snapshot
input_136	36	retired_file	none in current entrypoints	unused by current figures; preserved only in private migration snapshot
input_136	37	retired_file	none in current entrypoints	unused by current figures; preserved only in private migration snapshot
input_136	38	retired_file	none in current entrypoints	unused by current figures; preserved only in private migration snapshot
input_136	39	retired_file	none in current entrypoints	unused by current figures; preserved only in private migration snapshot
input_136	40	retired_file	none in current entrypoints	unused by current figures; preserved only in private migration snapshot
input_136	41	retired_file	none in current entrypoints	unused by current figures; preserved only in private migration snapshot
input_136	42	retired_file	none in current entrypoints	unused by current figures; preserved only in private migration snapshot
input_136	43	retired_file	none in current entrypoints	unused by current figures; preserved only in private migration snapshot
input_136	44	retired_file	none in current entrypoints	unused by current figures; preserved only in private migration snapshot
input_136	45	retired_file	none in current entrypoints	unused by current figures; preserved only in private migration snapshot
input_136	46	retired_file	none in current entrypoints	unused by current figures; preserved only in private migration snapshot
input_136	47	retired_file	none in current entrypoints	unused by current figures; preserved only in private migration snapshot
input_136	48	retired_file	none in current entrypoints	unused by current figures; preserved only in private migration snapshot
input_136	49	retired_file	none in current entrypoints	unused by current figures; preserved only in private migration snapshot
input_136	50	retired_file	none in current entrypoints	unused by current figures; preserved only in private migration snapshot
input_136	51	retired_file	none in current entrypoints	unused by current figures; preserved only in private migration snapshot
input_136	52	retired_file	none in current entrypoints	unused by current figures; preserved only in private migration snapshot
input_136	53	retired_file	none in current entrypoints	unused by current figures; preserved only in private migration snapshot
input_136	54	retired_file	none in current entrypoints	unused by current figures; preserved only in private migration snapshot
input_136	55	retired_file	none in current entrypoints	unused by current figures; preserved only in private migration snapshot
input_136	56	retired_file	none in current entrypoints	unused by current figures; preserved only in private migration snapshot
input_137	Tumour_Name	retired_file	none in current entrypoints	unused by current figures; preserved only in private migration snapshot
input_137	chr	retired_file	none in current entrypoints	unused by current figures; preserved only in private migration snapshot
input_137	startpos	retired_file	none in current entrypoints	unused by current figures; preserved only in private migration snapshot
input_137	endpos	retired_file	none in current entrypoints	unused by current figures; preserved only in private migration snapshot
input_137	nMaj1_A	retired_file	none in current entrypoints	unused by current figures; preserved only in private migration snapshot
input_137	nMin1_A	retired_file	none in current entrypoints	unused by current figures; preserved only in private migration snapshot
input_137	tumour_ploidy	retired_file	none in current entrypoints	unused by current figures; preserved only in private migration snapshot
input_137	CNA	retired_file	none in current entrypoints	unused by current figures; preserved only in private migration snapshot
input_137	noevent	retired_file	none in current entrypoints	unused by current figures; preserved only in private migration snapshot
input_137	w.mean	retired_file	none in current entrypoints	unused by current figures; preserved only in private migration snapshot
input_137	ID	retired_file	none in current entrypoints	unused by current figures; preserved only in private migration snapshot
input_137	no.chr.bearing.mut	retired_file	none in current entrypoints	unused by current figures; preserved only in private migration snapshot
input_138	true	retired_file	none in current entrypoints	unused by current figures; preserved only in private migration snapshot
input_138	ordered	retired_file	none in current entrypoints	unused by current figures; preserved only in private migration snapshot
input_139	1	retired_file	none in current entrypoints	unused by current figures; preserved only in private migration snapshot
input_139	2	retired_file	none in current entrypoints	unused by current figures; preserved only in private migration snapshot
input_139	3	retired_file	none in current entrypoints	unused by current figures; preserved only in private migration snapshot
input_139	4	retired_file	none in current entrypoints	unused by current figures; preserved only in private migration snapshot
input_139	5	retired_file	none in current entrypoints	unused by current figures; preserved only in private migration snapshot
input_139	6	retired_file	none in current entrypoints	unused by current figures; preserved only in private migration snapshot
input_139	7	retired_file	none in current entrypoints	unused by current figures; preserved only in private migration snapshot
input_139	8	retired_file	none in current entrypoints	unused by current figures; preserved only in private migration snapshot
input_139	9	retired_file	none in current entrypoints	unused by current figures; preserved only in private migration snapshot
input_139	10	retired_file	none in current entrypoints	unused by current figures; preserved only in private migration snapshot
input_139	11	retired_file	none in current entrypoints	unused by current figures; preserved only in private migration snapshot
input_139	12	retired_file	none in current entrypoints	unused by current figures; preserved only in private migration snapshot
input_139	13	retired_file	none in current entrypoints	unused by current figures; preserved only in private migration snapshot
input_139	14	retired_file	none in current entrypoints	unused by current figures; preserved only in private migration snapshot
input_139	15	retired_file	none in current entrypoints	unused by current figures; preserved only in private migration snapshot
input_139	16	retired_file	none in current entrypoints	unused by current figures; preserved only in private migration snapshot
input_139	17	retired_file	none in current entrypoints	unused by current figures; preserved only in private migration snapshot
input_139	18	retired_file	none in current entrypoints	unused by current figures; preserved only in private migration snapshot
input_139	19	retired_file	none in current entrypoints	unused by current figures; preserved only in private migration snapshot
input_139	20	retired_file	none in current entrypoints	unused by current figures; preserved only in private migration snapshot
input_139	21	retired_file	none in current entrypoints	unused by current figures; preserved only in private migration snapshot
input_139	22	retired_file	none in current entrypoints	unused by current figures; preserved only in private migration snapshot
input_139	23	retired_file	none in current entrypoints	unused by current figures; preserved only in private migration snapshot
input_139	24	retired_file	none in current entrypoints	unused by current figures; preserved only in private migration snapshot
input_139	25	retired_file	none in current entrypoints	unused by current figures; preserved only in private migration snapshot
input_139	26	retired_file	none in current entrypoints	unused by current figures; preserved only in private migration snapshot
input_139	27	retired_file	none in current entrypoints	unused by current figures; preserved only in private migration snapshot
input_139	28	retired_file	none in current entrypoints	unused by current figures; preserved only in private migration snapshot
input_139	29	retired_file	none in current entrypoints	unused by current figures; preserved only in private migration snapshot
input_139	30	retired_file	none in current entrypoints	unused by current figures; preserved only in private migration snapshot
input_139	31	retired_file	none in current entrypoints	unused by current figures; preserved only in private migration snapshot
input_139	32	retired_file	none in current entrypoints	unused by current figures; preserved only in private migration snapshot
input_139	33	retired_file	none in current entrypoints	unused by current figures; preserved only in private migration snapshot
input_139	34	retired_file	none in current entrypoints	unused by current figures; preserved only in private migration snapshot
input_139	35	retired_file	none in current entrypoints	unused by current figures; preserved only in private migration snapshot
input_139	36	retired_file	none in current entrypoints	unused by current figures; preserved only in private migration snapshot
input_139	37	retired_file	none in current entrypoints	unused by current figures; preserved only in private migration snapshot
input_139	38	retired_file	none in current entrypoints	unused by current figures; preserved only in private migration snapshot
input_140	Tumour_Name	removed	functions/python/group_specific.py	unused by current figures; preserved only in private migration snapshot
input_140	chr	retained	functions/python/group_specific.py	required calculation/drawing/verification field or cohort linkage key
input_140	startpos	retained	functions/python/group_specific.py	required calculation/drawing/verification field or cohort linkage key
input_140	endpos	retained	functions/python/group_specific.py	required calculation/drawing/verification field or cohort linkage key
input_140	nMaj1_A	removed	functions/python/group_specific.py	unused by current figures; preserved only in private migration snapshot
input_140	nMin1_A	removed	functions/python/group_specific.py	unused by current figures; preserved only in private migration snapshot
input_140	tumour_ploidy	removed	functions/python/group_specific.py	unused by current figures; preserved only in private migration snapshot
input_140	CNA	retained	functions/python/group_specific.py	required calculation/drawing/verification field or cohort linkage key
input_140	noevent	retained	functions/python/group_specific.py	required calculation/drawing/verification field or cohort linkage key
input_140	w.mean	removed	functions/python/group_specific.py	unused by current figures; preserved only in private migration snapshot
input_140	ID	retained	functions/python/group_specific.py	required calculation/drawing/verification field or cohort linkage key
input_140	no.chr.bearing.mut	removed	functions/python/group_specific.py	unused by current figures; preserved only in private migration snapshot
input_141	true	retired_file	none in current entrypoints	unused by current figures; preserved only in private migration snapshot
input_141	ordered	retired_file	none in current entrypoints	unused by current figures; preserved only in private migration snapshot
input_142	1	retired_file	none in current entrypoints	unused by current figures; preserved only in private migration snapshot
input_142	2	retired_file	none in current entrypoints	unused by current figures; preserved only in private migration snapshot
input_142	3	retired_file	none in current entrypoints	unused by current figures; preserved only in private migration snapshot
input_142	4	retired_file	none in current entrypoints	unused by current figures; preserved only in private migration snapshot
input_142	5	retired_file	none in current entrypoints	unused by current figures; preserved only in private migration snapshot
input_142	6	retired_file	none in current entrypoints	unused by current figures; preserved only in private migration snapshot
input_142	7	retired_file	none in current entrypoints	unused by current figures; preserved only in private migration snapshot
input_142	8	retired_file	none in current entrypoints	unused by current figures; preserved only in private migration snapshot
input_142	9	retired_file	none in current entrypoints	unused by current figures; preserved only in private migration snapshot
input_142	10	retired_file	none in current entrypoints	unused by current figures; preserved only in private migration snapshot
input_142	11	retired_file	none in current entrypoints	unused by current figures; preserved only in private migration snapshot
input_142	12	retired_file	none in current entrypoints	unused by current figures; preserved only in private migration snapshot
input_142	13	retired_file	none in current entrypoints	unused by current figures; preserved only in private migration snapshot
input_142	14	retired_file	none in current entrypoints	unused by current figures; preserved only in private migration snapshot
input_142	15	retired_file	none in current entrypoints	unused by current figures; preserved only in private migration snapshot
input_142	16	retired_file	none in current entrypoints	unused by current figures; preserved only in private migration snapshot
input_142	17	retired_file	none in current entrypoints	unused by current figures; preserved only in private migration snapshot
input_142	18	retired_file	none in current entrypoints	unused by current figures; preserved only in private migration snapshot
input_142	19	retired_file	none in current entrypoints	unused by current figures; preserved only in private migration snapshot
input_142	20	retired_file	none in current entrypoints	unused by current figures; preserved only in private migration snapshot
input_142	21	retired_file	none in current entrypoints	unused by current figures; preserved only in private migration snapshot
input_142	22	retired_file	none in current entrypoints	unused by current figures; preserved only in private migration snapshot
input_142	23	retired_file	none in current entrypoints	unused by current figures; preserved only in private migration snapshot
input_142	24	retired_file	none in current entrypoints	unused by current figures; preserved only in private migration snapshot
input_142	25	retired_file	none in current entrypoints	unused by current figures; preserved only in private migration snapshot
input_142	26	retired_file	none in current entrypoints	unused by current figures; preserved only in private migration snapshot
input_142	27	retired_file	none in current entrypoints	unused by current figures; preserved only in private migration snapshot
input_142	28	retired_file	none in current entrypoints	unused by current figures; preserved only in private migration snapshot
input_142	29	retired_file	none in current entrypoints	unused by current figures; preserved only in private migration snapshot
input_142	30	retired_file	none in current entrypoints	unused by current figures; preserved only in private migration snapshot
input_142	31	retired_file	none in current entrypoints	unused by current figures; preserved only in private migration snapshot
input_142	32	retired_file	none in current entrypoints	unused by current figures; preserved only in private migration snapshot
input_142	33	retired_file	none in current entrypoints	unused by current figures; preserved only in private migration snapshot
input_142	34	retired_file	none in current entrypoints	unused by current figures; preserved only in private migration snapshot
input_142	35	retired_file	none in current entrypoints	unused by current figures; preserved only in private migration snapshot
input_142	36	retired_file	none in current entrypoints	unused by current figures; preserved only in private migration snapshot
input_142	37	retired_file	none in current entrypoints	unused by current figures; preserved only in private migration snapshot
input_142	38	retired_file	none in current entrypoints	unused by current figures; preserved only in private migration snapshot
input_142	39	retired_file	none in current entrypoints	unused by current figures; preserved only in private migration snapshot
input_142	40	retired_file	none in current entrypoints	unused by current figures; preserved only in private migration snapshot
input_142	41	retired_file	none in current entrypoints	unused by current figures; preserved only in private migration snapshot
input_142	42	retired_file	none in current entrypoints	unused by current figures; preserved only in private migration snapshot
input_143	Tumour_Name	removed	functions/python/group_specific.py	unused by current figures; preserved only in private migration snapshot
input_143	chr	retained	functions/python/group_specific.py	required calculation/drawing/verification field or cohort linkage key
input_143	startpos	retained	functions/python/group_specific.py	required calculation/drawing/verification field or cohort linkage key
input_143	endpos	retained	functions/python/group_specific.py	required calculation/drawing/verification field or cohort linkage key
input_143	nMaj1_A	removed	functions/python/group_specific.py	unused by current figures; preserved only in private migration snapshot
input_143	nMin1_A	removed	functions/python/group_specific.py	unused by current figures; preserved only in private migration snapshot
input_143	tumour_ploidy	removed	functions/python/group_specific.py	unused by current figures; preserved only in private migration snapshot
input_143	CNA	retained	functions/python/group_specific.py	required calculation/drawing/verification field or cohort linkage key
input_143	noevent	retained	functions/python/group_specific.py	required calculation/drawing/verification field or cohort linkage key
input_143	w.mean	removed	functions/python/group_specific.py	unused by current figures; preserved only in private migration snapshot
input_143	ID	retained	functions/python/group_specific.py	required calculation/drawing/verification field or cohort linkage key
input_143	no.chr.bearing.mut	removed	functions/python/group_specific.py	unused by current figures; preserved only in private migration snapshot
input_144	true	retired_file	none in current entrypoints	unused by current figures; preserved only in private migration snapshot
input_144	ordered	retired_file	none in current entrypoints	unused by current figures; preserved only in private migration snapshot
input_145	1	retired_file	none in current entrypoints	unused by current figures; preserved only in private migration snapshot
input_145	2	retired_file	none in current entrypoints	unused by current figures; preserved only in private migration snapshot
input_145	3	retired_file	none in current entrypoints	unused by current figures; preserved only in private migration snapshot
input_145	4	retired_file	none in current entrypoints	unused by current figures; preserved only in private migration snapshot
input_145	5	retired_file	none in current entrypoints	unused by current figures; preserved only in private migration snapshot
input_145	6	retired_file	none in current entrypoints	unused by current figures; preserved only in private migration snapshot
input_145	7	retired_file	none in current entrypoints	unused by current figures; preserved only in private migration snapshot
input_145	8	retired_file	none in current entrypoints	unused by current figures; preserved only in private migration snapshot
input_145	9	retired_file	none in current entrypoints	unused by current figures; preserved only in private migration snapshot
input_145	10	retired_file	none in current entrypoints	unused by current figures; preserved only in private migration snapshot
input_145	11	retired_file	none in current entrypoints	unused by current figures; preserved only in private migration snapshot
input_145	12	retired_file	none in current entrypoints	unused by current figures; preserved only in private migration snapshot
input_145	13	retired_file	none in current entrypoints	unused by current figures; preserved only in private migration snapshot
input_145	14	retired_file	none in current entrypoints	unused by current figures; preserved only in private migration snapshot
input_145	15	retired_file	none in current entrypoints	unused by current figures; preserved only in private migration snapshot
input_145	16	retired_file	none in current entrypoints	unused by current figures; preserved only in private migration snapshot
input_145	17	retired_file	none in current entrypoints	unused by current figures; preserved only in private migration snapshot
input_145	18	retired_file	none in current entrypoints	unused by current figures; preserved only in private migration snapshot
input_145	19	retired_file	none in current entrypoints	unused by current figures; preserved only in private migration snapshot
input_145	20	retired_file	none in current entrypoints	unused by current figures; preserved only in private migration snapshot
input_145	21	retired_file	none in current entrypoints	unused by current figures; preserved only in private migration snapshot
input_145	22	retired_file	none in current entrypoints	unused by current figures; preserved only in private migration snapshot
input_145	23	retired_file	none in current entrypoints	unused by current figures; preserved only in private migration snapshot
input_145	24	retired_file	none in current entrypoints	unused by current figures; preserved only in private migration snapshot
input_145	25	retired_file	none in current entrypoints	unused by current figures; preserved only in private migration snapshot
input_145	26	retired_file	none in current entrypoints	unused by current figures; preserved only in private migration snapshot
input_145	27	retired_file	none in current entrypoints	unused by current figures; preserved only in private migration snapshot
input_145	28	retired_file	none in current entrypoints	unused by current figures; preserved only in private migration snapshot
input_145	29	retired_file	none in current entrypoints	unused by current figures; preserved only in private migration snapshot
input_145	30	retired_file	none in current entrypoints	unused by current figures; preserved only in private migration snapshot
input_145	31	retired_file	none in current entrypoints	unused by current figures; preserved only in private migration snapshot
input_145	32	retired_file	none in current entrypoints	unused by current figures; preserved only in private migration snapshot
input_145	33	retired_file	none in current entrypoints	unused by current figures; preserved only in private migration snapshot
input_145	34	retired_file	none in current entrypoints	unused by current figures; preserved only in private migration snapshot
input_146	Tumour_Name	removed	functions/python/group_specific.py	unused by current figures; preserved only in private migration snapshot
input_146	chr	retained	functions/python/group_specific.py	required calculation/drawing/verification field or cohort linkage key
input_146	startpos	retained	functions/python/group_specific.py	required calculation/drawing/verification field or cohort linkage key
input_146	endpos	retained	functions/python/group_specific.py	required calculation/drawing/verification field or cohort linkage key
input_146	nMaj1_A	removed	functions/python/group_specific.py	unused by current figures; preserved only in private migration snapshot
input_146	nMin1_A	removed	functions/python/group_specific.py	unused by current figures; preserved only in private migration snapshot
input_146	tumour_ploidy	removed	functions/python/group_specific.py	unused by current figures; preserved only in private migration snapshot
input_146	CNA	retained	functions/python/group_specific.py	required calculation/drawing/verification field or cohort linkage key
input_146	noevent	retained	functions/python/group_specific.py	required calculation/drawing/verification field or cohort linkage key
input_146	w.mean	removed	functions/python/group_specific.py	unused by current figures; preserved only in private migration snapshot
input_146	ID	retained	functions/python/group_specific.py	required calculation/drawing/verification field or cohort linkage key
input_146	no.chr.bearing.mut	removed	functions/python/group_specific.py	unused by current figures; preserved only in private migration snapshot
input_147	Ensembl_ID	retained	main-figure renderers and verification	required calculation/drawing/verification field or cohort linkage key
input_147	Beta_Converged	retained	main-figure renderers and verification	required calculation/drawing/verification field or cohort linkage key
input_147	Base_Mean_All	retained	main-figure renderers and verification	required calculation/drawing/verification field or cohort linkage key
input_147	baseMean	retained	main-figure renderers and verification	required calculation/drawing/verification field or cohort linkage key
input_147	log2FoldChange	retained	main-figure renderers and verification	required calculation/drawing/verification field or cohort linkage key
input_147	lfcSE	retained	main-figure renderers and verification	required calculation/drawing/verification field or cohort linkage key
input_147	pvalue	retained	main-figure renderers and verification	required calculation/drawing/verification field or cohort linkage key
input_147	padj	retained	main-figure renderers and verification	required calculation/drawing/verification field or cohort linkage key
input_147	Inference_Status	retained	main-figure renderers and verification	required calculation/drawing/verification field or cohort linkage key
input_147	Clean_Ensembl	retained	main-figure renderers and verification	required calculation/drawing/verification field or cohort linkage key
input_147	Symbol	retained	main-figure renderers and verification	required calculation/drawing/verification field or cohort linkage key
input_147	gene_type	retained	main-figure renderers and verification	required calculation/drawing/verification field or cohort linkage key
input_147	row_id	retained	main-figure renderers and verification	required calculation/drawing/verification field or cohort linkage key
input_148	Tumor_Barcode	retained	functions/R/render_figure2.R	required calculation/drawing/verification field or cohort linkage key
input_148	Evo_Group	retained	functions/R/render_figure2.R	required calculation/drawing/verification field or cohort linkage key
input_148	cross_group_switcher	removed	functions/R/render_figure2.R	unused by current figures; preserved only in private migration snapshot
input_148	Subtype_Final	removed	functions/R/render_figure2.R	unused by current figures; preserved only in private migration snapshot
input_148	tumor_grade	removed	functions/R/render_figure2.R	unused by current figures; preserved only in private migration snapshot
input_148	primary_diagnosis	removed	functions/R/render_figure2.R	unused by current figures; preserved only in private migration snapshot
input_148	age_at_diagnosis_years	retained	functions/R/render_figure2.R	required calculation/drawing/verification field or cohort linkage key
input_148	age_at_diagnosis_years_raw	removed	functions/R/render_figure2.R	unused by current figures; preserved only in private migration snapshot
input_148	age_at_index_years	removed	functions/R/render_figure2.R	unused by current figures; preserved only in private migration snapshot
input_148	acceleration	retained	functions/R/render_figure2.R	required calculation/drawing/verification field or cohort linkage key
input_148	Age	removed	functions/R/render_figure2.R	unused by current figures; preserved only in private migration snapshot
input_148	MRCA_age	removed	functions/R/render_figure2.R	unused by current figures; preserved only in private migration snapshot
input_148	Latency	removed	functions/R/render_figure2.R	unused by current figures; preserved only in private migration snapshot
input_148	Latency_X10	removed	functions/R/render_figure2.R	unused by current figures; preserved only in private migration snapshot
input_148	Latency_X90	removed	functions/R/render_figure2.R	unused by current figures; preserved only in private migration snapshot
input_148	SP_Group	removed	functions/R/render_figure2.R	unused by current figures; preserved only in private migration snapshot
input_148	Histology	removed	functions/R/render_figure2.R	unused by current figures; preserved only in private migration snapshot
input_148	latency_years	retained	functions/R/render_figure2.R	required calculation/drawing/verification field or cohort linkage key
input_148	age_mrca_years	retained	functions/R/render_figure2.R	required calculation/drawing/verification field or cohort linkage key
input_148	timing_file_age_mrca_years	removed	functions/R/render_figure2.R	unused by current figures; preserved only in private migration snapshot
input_148	Subject	retained	functions/R/render_figure2.R	required calculation/drawing/verification field or cohort linkage key
input_149	metric	retained	main-figure renderers and verification	required calculation/drawing/verification field or cohort linkage key
input_149	label	retained	main-figure renderers and verification	required calculation/drawing/verification field or cohort linkage key
input_149	acceleration	retained	main-figure renderers and verification	required calculation/drawing/verification field or cohort linkage key
input_149	n_group1	retained	main-figure renderers and verification	required calculation/drawing/verification field or cohort linkage key
input_149	n_group2	retained	main-figure renderers and verification	required calculation/drawing/verification field or cohort linkage key
input_149	median_group1	retained	main-figure renderers and verification	required calculation/drawing/verification field or cohort linkage key
input_149	q1_group1	retained	main-figure renderers and verification	required calculation/drawing/verification field or cohort linkage key
input_149	q3_group1	retained	main-figure renderers and verification	required calculation/drawing/verification field or cohort linkage key
input_149	mean_group1	retained	main-figure renderers and verification	required calculation/drawing/verification field or cohort linkage key
input_149	median_group2	retained	main-figure renderers and verification	required calculation/drawing/verification field or cohort linkage key
input_149	q1_group2	retained	main-figure renderers and verification	required calculation/drawing/verification field or cohort linkage key
input_149	q3_group2	retained	main-figure renderers and verification	required calculation/drawing/verification field or cohort linkage key
input_149	mean_group2	retained	main-figure renderers and verification	required calculation/drawing/verification field or cohort linkage key
input_149	median_difference_group2_minus_group1	retained	main-figure renderers and verification	required calculation/drawing/verification field or cohort linkage key
input_149	mean_difference_group2_minus_group1	retained	main-figure renderers and verification	required calculation/drawing/verification field or cohort linkage key
input_149	wilcox_pvalue	retained	main-figure renderers and verification	required calculation/drawing/verification field or cohort linkage key
input_149	welch_pvalue	retained	main-figure renderers and verification	required calculation/drawing/verification field or cohort linkage key
input_149	higher_median_group	retained	main-figure renderers and verification	required calculation/drawing/verification field or cohort linkage key
input_149	q_wilcox_primary	retained	main-figure renderers and verification	required calculation/drawing/verification field or cohort linkage key
input_149	q_welch_primary	retained	main-figure renderers and verification	required calculation/drawing/verification field or cohort linkage key
input_150	Subject	retained	functions/R/render_figure2.R	required calculation/drawing/verification field or cohort linkage key
input_150	Tumor_Barcode	retained	functions/R/render_figure2.R	required calculation/drawing/verification field or cohort linkage key
input_150	Gene	retained	functions/R/render_figure2.R	required calculation/drawing/verification field or cohort linkage key
input_150	Alteration	retained	functions/R/render_figure2.R	required calculation/drawing/verification field or cohort linkage key
input_150	Type	retained	functions/R/render_figure2.R	required calculation/drawing/verification field or cohort linkage key
input_151	Tumor_Barcode	retired_file	none in current entrypoints	unused by current figures; preserved only in private migration snapshot
input_151	Gene	retired_file	none in current entrypoints	unused by current figures; preserved only in private migration snapshot
input_151	Component	retired_file	none in current entrypoints	unused by current figures; preserved only in private migration snapshot
input_152	Subject	retained	functions/R/render_figure2.R	required calculation/drawing/verification field or cohort linkage key
input_152	Tumor_Barcode	retained	functions/R/render_figure2.R	required calculation/drawing/verification field or cohort linkage key
input_152	Gene	retained	functions/R/render_figure2.R	required calculation/drawing/verification field or cohort linkage key
input_152	Alteration	retained	functions/R/render_figure2.R	required calculation/drawing/verification field or cohort linkage key
input_152	Type	retained	functions/R/render_figure2.R	required calculation/drawing/verification field or cohort linkage key
input_153	Subject	retained	functions/R/render_figure2.R	required calculation/drawing/verification field or cohort linkage key
input_153	Tumor_Barcode	retained	functions/R/render_figure2.R	required calculation/drawing/verification field or cohort linkage key
input_153	Gene	retained	functions/R/render_figure2.R	required calculation/drawing/verification field or cohort linkage key
input_153	Alteration	retained	functions/R/render_figure2.R	required calculation/drawing/verification field or cohort linkage key
input_153	Type	retained	functions/R/render_figure2.R	required calculation/drawing/verification field or cohort linkage key
input_154	Subject	retained	functions/R/render_figure2.R	required calculation/drawing/verification field or cohort linkage key
input_154	Tumor_Barcode	retained	functions/R/render_figure2.R	required calculation/drawing/verification field or cohort linkage key
input_154	Gene	retained	functions/R/render_figure2.R	required calculation/drawing/verification field or cohort linkage key
input_154	Alteration	retained	functions/R/render_figure2.R	required calculation/drawing/verification field or cohort linkage key
input_154	Type	retained	functions/R/render_figure2.R	required calculation/drawing/verification field or cohort linkage key
input_155	Tumor_Barcode	retained	functions/R/render_figure2.R	required calculation/drawing/verification field or cohort linkage key
input_155	Evo_Group	retained	functions/R/render_figure2.R	required calculation/drawing/verification field or cohort linkage key
input_155	mut_TP53_Missense_Mutation	removed	functions/R/render_figure2.R	unused by current figures; preserved only in private migration snapshot
input_155	mut_TP53_Frame_Shift_Del	removed	functions/R/render_figure2.R	unused by current figures; preserved only in private migration snapshot
input_155	mut_ATRX_Frame_Shift_Del	removed	functions/R/render_figure2.R	unused by current figures; preserved only in private migration snapshot
input_155	mut_ATRX_Nonsense_Mutation	removed	functions/R/render_figure2.R	unused by current figures; preserved only in private migration snapshot
input_155	mut_ATRX_Missense_Mutation	removed	functions/R/render_figure2.R	unused by current figures; preserved only in private migration snapshot
input_155	mut_TP53_Nonsense_Mutation	removed	functions/R/render_figure2.R	unused by current figures; preserved only in private migration snapshot
input_155	mut_CIC_Missense_Mutation	removed	functions/R/render_figure2.R	unused by current figures; preserved only in private migration snapshot
input_155	mut_ATRX_In_Frame_Del	removed	functions/R/render_figure2.R	unused by current figures; preserved only in private migration snapshot
input_155	mut_CIC_Frame_Shift_Del	removed	functions/R/render_figure2.R	unused by current figures; preserved only in private migration snapshot
input_155	mut_ATRX_Frame_Shift_Ins	removed	functions/R/render_figure2.R	unused by current figures; preserved only in private migration snapshot
input_155	mut_CIC_Frame_Shift_Ins	removed	functions/R/render_figure2.R	unused by current figures; preserved only in private migration snapshot
input_155	mut_TP53_Frame_Shift_Ins	removed	functions/R/render_figure2.R	unused by current figures; preserved only in private migration snapshot
input_155	mut_TP53_In_Frame_Del	removed	functions/R/render_figure2.R	unused by current figures; preserved only in private migration snapshot
input_155	mut_CIC_Nonsense_Mutation	removed	functions/R/render_figure2.R	unused by current figures; preserved only in private migration snapshot
input_155	mut_TP53_Splice_Site	removed	functions/R/render_figure2.R	unused by current figures; preserved only in private migration snapshot
input_155	mut_ATRX_Splice_Site	removed	functions/R/render_figure2.R	unused by current figures; preserved only in private migration snapshot
input_155	promoter_TERT_Promoter	removed	functions/R/render_figure2.R	unused by current figures; preserved only in private migration snapshot
input_155	plcn_TP53_Amplified LOH	removed	functions/R/render_figure2.R	unused by current figures; preserved only in private migration snapshot
input_155	plcn_TP53_LOH	removed	functions/R/render_figure2.R	unused by current figures; preserved only in private migration snapshot
input_155	plcn_TP53_Gain	removed	functions/R/render_figure2.R	unused by current figures; preserved only in private migration snapshot
input_155	plcn_CIC_LOH	removed	functions/R/render_figure2.R	unused by current figures; preserved only in private migration snapshot
input_155	plcn_CIC_Amplified LOH	removed	functions/R/render_figure2.R	unused by current figures; preserved only in private migration snapshot
input_155	plcn_CIC_Gain	removed	functions/R/render_figure2.R	unused by current figures; preserved only in private migration snapshot
input_155	tp53_mutation_info	removed	functions/R/render_figure2.R	unused by current figures; preserved only in private migration snapshot
input_155	tp53_mutation_type	removed	functions/R/render_figure2.R	unused by current figures; preserved only in private migration snapshot
input_155	atrx_mutation_info	removed	functions/R/render_figure2.R	unused by current figures; preserved only in private migration snapshot
input_155	atrx_mutation_type	removed	functions/R/render_figure2.R	unused by current figures; preserved only in private migration snapshot
input_155	cic_mutation_info	removed	functions/R/render_figure2.R	unused by current figures; preserved only in private migration snapshot
input_155	cic_mutation_type	removed	functions/R/render_figure2.R	unused by current figures; preserved only in private migration snapshot
input_155	tp53_mutation	removed	functions/R/render_figure2.R	unused by current figures; preserved only in private migration snapshot
input_155	atrx_mutation	removed	functions/R/render_figure2.R	unused by current figures; preserved only in private migration snapshot
input_155	cic_mutation	removed	functions/R/render_figure2.R	unused by current figures; preserved only in private migration snapshot
input_156	Subject	retained	functions/R/render_figure2.R	required calculation/drawing/verification field or cohort linkage key
input_156	Tumor_Barcode	retained	functions/R/render_figure2.R	required calculation/drawing/verification field or cohort linkage key
input_156	Evo_Group	retained	functions/R/render_figure2.R	required calculation/drawing/verification field or cohort linkage key
input_156	ID	removed	functions/R/render_figure2.R	unused by current figures; preserved only in private migration snapshot
input_156	Variant_Classification	removed	functions/R/render_figure2.R	unused by current figures; preserved only in private migration snapshot
input_156	total_cn_raw	retained	functions/R/render_figure2.R	required calculation/drawing/verification field or cohort linkage key
input_156	mutant_copies_raw	retained	functions/R/render_figure2.R	required calculation/drawing/verification field or cohort linkage key
input_156	total_cn_display	retained	functions/R/render_figure2.R	required calculation/drawing/verification field or cohort linkage key
input_156	mutant_copies_display	retained	functions/R/render_figure2.R	required calculation/drawing/verification field or cohort linkage key
input_156	CCF_for_selection	removed	functions/R/render_figure2.R	unused by current figures; preserved only in private migration snapshot
input_156	VAF_for_selection	removed	functions/R/render_figure2.R	unused by current figures; preserved only in private migration snapshot
input_156	depth_for_selection	removed	functions/R/render_figure2.R	unused by current figures; preserved only in private migration snapshot
input_156	cross_group_switcher	removed	functions/R/render_figure2.R	unused by current figures; preserved only in private migration snapshot
input_156	primary_selection_rule	removed	functions/R/render_figure2.R	unused by current figures; preserved only in private migration snapshot
input_156	index_variant_rule	removed	functions/R/render_figure2.R	unused by current figures; preserved only in private migration snapshot
input_157	term	retained	main-figure renderers and verification	required calculation/drawing/verification field or cohort linkage key
input_157	estimate	retained	main-figure renderers and verification	required calculation/drawing/verification field or cohort linkage key
input_157	std_error	retained	main-figure renderers and verification	required calculation/drawing/verification field or cohort linkage key
input_157	statistic	retained	main-figure renderers and verification	required calculation/drawing/verification field or cohort linkage key
input_157	p_value	retained	main-figure renderers and verification	required calculation/drawing/verification field or cohort linkage key
input_157	conf_low	retained	main-figure renderers and verification	required calculation/drawing/verification field or cohort linkage key
input_157	conf_high	retained	main-figure renderers and verification	required calculation/drawing/verification field or cohort linkage key
input_158	Evo_Group	retained	main-figure renderers and verification	required calculation/drawing/verification field or cohort linkage key
input_158	time	retained	main-figure renderers and verification	required calculation/drawing/verification field or cohort linkage key
input_158	segment_weight	retained	main-figure renderers and verification	required calculation/drawing/verification field or cohort linkage key
input_158	cum_frac	retained	main-figure renderers and verification	required calculation/drawing/verification field or cohort linkage key
input_159	Evo_Group	retained	main-figure renderers and verification	required calculation/drawing/verification field or cohort linkage key
input_159	weighted_mean_time	retained	main-figure renderers and verification	required calculation/drawing/verification field or cohort linkage key
input_159	n_segments	retained	main-figure renderers and verification	required calculation/drawing/verification field or cohort linkage key
input_159	n_samples	retained	main-figure renderers and verification	required calculation/drawing/verification field or cohort linkage key
input_159	total_gain_mb	retained	main-figure renderers and verification	required calculation/drawing/verification field or cohort linkage key
input_159	delta_group1_minus_group2	retained	main-figure renderers and verification	required calculation/drawing/verification field or cohort linkage key
input_159	permutation_pvalue	retained	main-figure renderers and verification	required calculation/drawing/verification field or cohort linkage key
input_159	n_permutations	retained	main-figure renderers and verification	required calculation/drawing/verification field or cohort linkage key
input_160	Tumor_Barcode	retained	functions/R/recompute.R; functions/R/recompute_extended.R	required calculation/drawing/verification field or cohort linkage key
input_160	any_hc_ct	retained	functions/R/recompute.R; functions/R/recompute_extended.R	required calculation/drawing/verification field or cohort linkage key
input_160	hc_ct_chr_count	retained	functions/R/recompute.R; functions/R/recompute_extended.R	required calculation/drawing/verification field or cohort linkage key
input_160	multi_hc_ct	retained	functions/R/recompute.R; functions/R/recompute_extended.R	required calculation/drawing/verification field or cohort linkage key
input_160	hc_ct_11_12_13	removed	functions/R/recompute.R; functions/R/recompute_extended.R	unused by current figures; preserved only in private migration snapshot
input_160	shatterseek_sv_burden	removed	functions/R/recompute.R; functions/R/recompute_extended.R	unused by current figures; preserved only in private migration snapshot
input_160	max_hc_cluster_size	retained	functions/R/recompute.R; functions/R/recompute_extended.R	required calculation/drawing/verification field or cohort linkage key
input_160	max_hc_osc_cn_segments	retained	functions/R/recompute.R; functions/R/recompute_extended.R	required calculation/drawing/verification field or cohort linkage key
input_160	age_at_index	removed	functions/R/recompute.R; functions/R/recompute_extended.R	unused by current figures; preserved only in private migration snapshot
input_160	tumor_grade	removed	functions/R/recompute.R; functions/R/recompute_extended.R	unused by current figures; preserved only in private migration snapshot
input_160	Sex	removed	functions/R/recompute.R; functions/R/recompute_extended.R	unused by current figures; preserved only in private migration snapshot
input_160	Evo_Group	retained	functions/R/recompute.R; functions/R/recompute_extended.R	required calculation/drawing/verification field or cohort linkage key
input_160	high_quality_sv_count	retained	functions/R/recompute.R; functions/R/recompute_extended.R	required calculation/drawing/verification field or cohort linkage key
input_160	interchrom_sv_count	retained	functions/R/recompute.R; functions/R/recompute_extended.R	required calculation/drawing/verification field or cohort linkage key
input_160	deletion_sv_count	removed	functions/R/recompute.R; functions/R/recompute_extended.R	unused by current figures; preserved only in private migration snapshot
input_160	duplication_sv_count	removed	functions/R/recompute.R; functions/R/recompute_extended.R	unused by current figures; preserved only in private migration snapshot
input_160	inversion_sv_count	retained	functions/R/recompute.R; functions/R/recompute_extended.R	required calculation/drawing/verification field or cohort linkage key
input_160	translocation_sv_count	retained	functions/R/recompute.R; functions/R/recompute_extended.R	required calculation/drawing/verification field or cohort linkage key
input_160	ddr_alteration_burden	retained	functions/R/recompute.R; functions/R/recompute_extended.R	required calculation/drawing/verification field or cohort linkage key
input_160	checkpoint_driver_burden	retained	functions/R/recompute.R; functions/R/recompute_extended.R	required calculation/drawing/verification field or cohort linkage key
input_160	chr12_13_checkpoint_burden	retained	functions/R/recompute.R; functions/R/recompute_extended.R	required calculation/drawing/verification field or cohort linkage key
input_160	TP53_PL_mut	removed	functions/R/recompute.R; functions/R/recompute_extended.R	unused by current figures; preserved only in private migration snapshot
input_160	TP53_PL_biallelic_like	removed	functions/R/recompute.R; functions/R/recompute_extended.R	unused by current figures; preserved only in private migration snapshot
input_160	TP53_PL_amplified_LOH	removed	functions/R/recompute.R; functions/R/recompute_extended.R	unused by current figures; preserved only in private migration snapshot
input_160	TP53_PL_high_amp_LOH	removed	functions/R/recompute.R; functions/R/recompute_extended.R	unused by current figures; preserved only in private migration snapshot
input_160	TP53_PL_max_mutant_copies	retained	functions/R/recompute.R; functions/R/recompute_extended.R	required calculation/drawing/verification field or cohort linkage key
input_160	TP53_PL_max_major_cn	removed	functions/R/recompute.R; functions/R/recompute_extended.R	unused by current figures; preserved only in private migration snapshot
input_160	TP53_PL_min_minor_cn	removed	functions/R/recompute.R; functions/R/recompute_extended.R	unused by current figures; preserved only in private migration snapshot
input_160	Tumor_TL	removed	functions/R/recompute.R; functions/R/recompute_extended.R	unused by current figures; preserved only in private migration snapshot
input_160	Normal_TL	removed	functions/R/recompute.R; functions/R/recompute_extended.R	unused by current figures; preserved only in private migration snapshot
input_160	TL_Ratio	retained	functions/R/recompute.R; functions/R/recompute_extended.R	required calculation/drawing/verification field or cohort linkage key
input_160	fraction_genome_altered	retained	functions/R/recompute.R; functions/R/recompute_extended.R	required calculation/drawing/verification field or cohort linkage key
input_160	aneuploidy_score	retained	functions/R/recompute.R; functions/R/recompute_extended.R	required calculation/drawing/verification field or cohort linkage key
input_160	BB_Ploidy	retained	functions/R/recompute.R; functions/R/recompute_extended.R	required calculation/drawing/verification field or cohort linkage key
input_160	genomic_instability_cox_score_z	retained	functions/R/recompute.R; functions/R/recompute_extended.R	required calculation/drawing/verification field or cohort linkage key
input_160	tumor_break_load	retained	functions/R/recompute.R; functions/R/recompute_extended.R	required calculation/drawing/verification field or cohort linkage key
input_160	TERT_expr	retained	functions/R/recompute.R; functions/R/recompute_extended.R	required calculation/drawing/verification field or cohort linkage key
input_160	ATRX_expr	retained	functions/R/recompute.R; functions/R/recompute_extended.R	required calculation/drawing/verification field or cohort linkage key
input_160	TERT_promoter_hotspot	retained	functions/R/recompute.R; functions/R/recompute_extended.R	required calculation/drawing/verification field or cohort linkage key
input_160	ATRX_functional_mutation	removed	functions/R/recompute.R; functions/R/recompute_extended.R	unused by current figures; preserved only in private migration snapshot
input_160	ATRX_DAXX_altered	removed	functions/R/recompute.R; functions/R/recompute_extended.R	unused by current figures; preserved only in private migration snapshot
input_160	ALT_like_route	removed	functions/R/recompute.R; functions/R/recompute_extended.R	unused by current figures; preserved only in private migration snapshot
input_160	TMM_class	removed	functions/R/recompute.R; functions/R/recompute_extended.R	unused by current figures; preserved only in private migration snapshot
input_160	arm_cna_burden	retained	functions/R/recompute.R; functions/R/recompute_extended.R	required calculation/drawing/verification field or cohort linkage key
input_160	telomere_recombination_ssgsea_score	retained	functions/R/recompute.R; functions/R/recompute_extended.R	required calculation/drawing/verification field or cohort linkage key
input_160	cin70_score	retained	functions/R/recompute.R; functions/R/recompute_extended.R	required calculation/drawing/verification field or cohort linkage key
input_160	cin25_score	retained	functions/R/recompute.R; functions/R/recompute_extended.R	required calculation/drawing/verification field or cohort linkage key
input_160	hrd_loh_segments	retained	functions/R/recompute.R; functions/R/recompute_extended.R	required calculation/drawing/verification field or cohort linkage key
input_160	hrd_loh_mb	retained	functions/R/recompute.R; functions/R/recompute_extended.R	required calculation/drawing/verification field or cohort linkage key
input_160	TP53_PL_max_mutant_copies_capped5	retained	functions/R/recompute.R; functions/R/recompute_extended.R	required calculation/drawing/verification field or cohort linkage key
input_160	log2_TP53_PL_mutant_copies_plus1	retained	functions/R/recompute.R; functions/R/recompute_extended.R	required calculation/drawing/verification field or cohort linkage key
input_160	interchrom_sv_fraction	retained	functions/R/recompute.R; functions/R/recompute_extended.R	required calculation/drawing/verification field or cohort linkage key
input_160	ATRX_TP53_ampLOH_context	removed	functions/R/recompute.R; functions/R/recompute_extended.R	unused by current figures; preserved only in private migration snapshot
input_161	variable	retained	main-figure renderers and verification	required calculation/drawing/verification field or cohort linkage key
input_161	metric	retained	main-figure renderers and verification	required calculation/drawing/verification field or cohort linkage key
input_161	metric_class	retained	main-figure renderers and verification	required calculation/drawing/verification field or cohort linkage key
input_161	value_transform	retained	main-figure renderers and verification	required calculation/drawing/verification field or cohort linkage key
input_161	n_group1	retained	main-figure renderers and verification	required calculation/drawing/verification field or cohort linkage key
input_161	n_group2	retained	main-figure renderers and verification	required calculation/drawing/verification field or cohort linkage key
input_161	mean_group1	retained	main-figure renderers and verification	required calculation/drawing/verification field or cohort linkage key
input_161	mean_group2	retained	main-figure renderers and verification	required calculation/drawing/verification field or cohort linkage key
input_161	median_group1	retained	main-figure renderers and verification	required calculation/drawing/verification field or cohort linkage key
input_161	median_group2	retained	main-figure renderers and verification	required calculation/drawing/verification field or cohort linkage key
input_161	standardized_mean_difference	retained	main-figure renderers and verification	required calculation/drawing/verification field or cohort linkage key
input_161	pvalue	retained	main-figure renderers and verification	required calculation/drawing/verification field or cohort linkage key
input_161	significant	retained	main-figure renderers and verification	required calculation/drawing/verification field or cohort linkage key
input_161	significance	retained	main-figure renderers and verification	required calculation/drawing/verification field or cohort linkage key
input_161	enrichment_call	retained	main-figure renderers and verification	required calculation/drawing/verification field or cohort linkage key
input_162	test_family	retained	main-figure renderers and verification	required calculation/drawing/verification field or cohort linkage key
input_162	variable	retained	main-figure renderers and verification	required calculation/drawing/verification field or cohort linkage key
input_162	metric	retained	main-figure renderers and verification	required calculation/drawing/verification field or cohort linkage key
input_162	n_group1	retained	main-figure renderers and verification	required calculation/drawing/verification field or cohort linkage key
input_162	n_group2	retained	main-figure renderers and verification	required calculation/drawing/verification field or cohort linkage key
input_162	value_group1	retained	main-figure renderers and verification	required calculation/drawing/verification field or cohort linkage key
input_162	value_group2	retained	main-figure renderers and verification	required calculation/drawing/verification field or cohort linkage key
input_162	pct_group1	retained	main-figure renderers and verification	required calculation/drawing/verification field or cohort linkage key
input_162	pct_group2	retained	main-figure renderers and verification	required calculation/drawing/verification field or cohort linkage key
input_162	effect_label	retained	main-figure renderers and verification	required calculation/drawing/verification field or cohort linkage key
input_162	effect	retained	main-figure renderers and verification	required calculation/drawing/verification field or cohort linkage key
input_162	ci_low	retained	main-figure renderers and verification	required calculation/drawing/verification field or cohort linkage key
input_162	ci_high	retained	main-figure renderers and verification	required calculation/drawing/verification field or cohort linkage key
input_162	pvalue	retained	main-figure renderers and verification	required calculation/drawing/verification field or cohort linkage key
input_163	test_family	retained	main-figure renderers and verification	required calculation/drawing/verification field or cohort linkage key
input_163	variable	retained	main-figure renderers and verification	required calculation/drawing/verification field or cohort linkage key
input_163	metric	retained	main-figure renderers and verification	required calculation/drawing/verification field or cohort linkage key
input_163	n_group1	retained	main-figure renderers and verification	required calculation/drawing/verification field or cohort linkage key
input_163	n_group2	retained	main-figure renderers and verification	required calculation/drawing/verification field or cohort linkage key
input_163	value_group1	retained	main-figure renderers and verification	required calculation/drawing/verification field or cohort linkage key
input_163	value_group2	retained	main-figure renderers and verification	required calculation/drawing/verification field or cohort linkage key
input_163	pct_group1	retained	main-figure renderers and verification	required calculation/drawing/verification field or cohort linkage key
input_163	pct_group2	retained	main-figure renderers and verification	required calculation/drawing/verification field or cohort linkage key
input_163	effect_label	retained	main-figure renderers and verification	required calculation/drawing/verification field or cohort linkage key
input_163	effect	retained	main-figure renderers and verification	required calculation/drawing/verification field or cohort linkage key
input_163	ci_low	retained	main-figure renderers and verification	required calculation/drawing/verification field or cohort linkage key
input_163	ci_high	retained	main-figure renderers and verification	required calculation/drawing/verification field or cohort linkage key
input_163	pvalue	retained	main-figure renderers and verification	required calculation/drawing/verification field or cohort linkage key
input_163	mean_group1	retained	main-figure renderers and verification	required calculation/drawing/verification field or cohort linkage key
input_163	mean_group2	retained	main-figure renderers and verification	required calculation/drawing/verification field or cohort linkage key
input_163	q25_group1	retained	main-figure renderers and verification	required calculation/drawing/verification field or cohort linkage key
input_163	q75_group1	retained	main-figure renderers and verification	required calculation/drawing/verification field or cohort linkage key
input_163	q25_group2	retained	main-figure renderers and verification	required calculation/drawing/verification field or cohort linkage key
input_163	q75_group2	retained	main-figure renderers and verification	required calculation/drawing/verification field or cohort linkage key
input_163	padj_bh_all_tests	retained	main-figure renderers and verification	required calculation/drawing/verification field or cohort linkage key
input_163	p_label	retained	main-figure renderers and verification	required calculation/drawing/verification field or cohort linkage key
input_163	fdr_label	retained	main-figure renderers and verification	required calculation/drawing/verification field or cohort linkage key
input_164	Name	retained	main-figure renderers and verification	required calculation/drawing/verification field or cohort linkage key
input_164	Color	retained	main-figure renderers and verification	required calculation/drawing/verification field or cohort linkage key
input_166	headerless_field_1	retired_file	none in current entrypoints	unused by current figures; preserved only in private migration snapshot
input_166	headerless_field_2	retired_file	none in current entrypoints	unused by current figures; preserved only in private migration snapshot
input_166	headerless_field_3	retired_file	none in current entrypoints	unused by current figures; preserved only in private migration snapshot
input_166	headerless_field_4	retired_file	none in current entrypoints	unused by current figures; preserved only in private migration snapshot
input_166	headerless_field_5	retired_file	none in current entrypoints	unused by current figures; preserved only in private migration snapshot
input_167	headerless_field_1	retired_file	none in current entrypoints	unused by current figures; preserved only in private migration snapshot
input_167	headerless_field_2	retired_file	none in current entrypoints	unused by current figures; preserved only in private migration snapshot
input_168	headerless_field_1	retired_file	none in current entrypoints	unused by current figures; preserved only in private migration snapshot
input_169	Tumor_Barcode	retained	functions/R/recompute.R; functions/R/recompute_extended.R	required calculation/drawing/verification field or cohort linkage key
input_169	Evo_Group	retained	functions/R/recompute.R; functions/R/recompute_extended.R	required calculation/drawing/verification field or cohort linkage key
input_169	weighted_time_sum	retained	functions/R/recompute.R; functions/R/recompute_extended.R	required calculation/drawing/verification field or cohort linkage key
input_169	segment_weight_sum	retained	functions/R/recompute.R; functions/R/recompute_extended.R	required calculation/drawing/verification field or cohort linkage key
input_169	n_segments	retained	functions/R/recompute.R; functions/R/recompute_extended.R	required calculation/drawing/verification field or cohort linkage key
