id	source_logical_path	current_path	route	classification	rationale	consumer	transformation	source_sha256	current_sha256	rows_before	rows_after	columns_before	columns_after	removed_columns	compressed_bytes_before	compressed_bytes_after	retained_values_unchanged
input_001	manuscript/revision_2026-09-30_figure_dimensions/staging/panels/M2_a_plotted_values.tsv		retired	excluded_unused	Unused by current Figures 1–5: legacy/superseded analysis, duplicate plotting input, or regenerated drawing metadata. Previously hashed by the renderer but not used in any calculation or drawing.	none in current entrypoints	retire	3a4c73978e0c06ca7260ed9db664463272a5654ecc72c0f70bbb2e57a36cb248		34200	0	7	0		597549	0	not used
input_002	manuscript/revision_2026-09-30_figure_dimensions/staging/panels/M2_b_plotted_values.tsv		retired	excluded_unused	Unused by current Figures 1–5: legacy/superseded analysis, duplicate plotting input, or regenerated drawing metadata. Previously hashed by the renderer but not used in any calculation or drawing.	none in current entrypoints	retire	027c4d978dd12ae375090406fff9af88c6d73f1c76f287d84f3e86af7f1a9645		40850	0	7	0		718142	0	not used
input_003	manuscript/revision_2026-09-30_figure_refinement/staging/derived/M1_a_event_labels.tsv		retired	excluded_unused	Unused by current Figures 1–5: legacy/superseded analysis, duplicate plotting input, or regenerated drawing metadata.	none in current entrypoints	retire	ce277ff6bffacabbfcfbdff86fd1b64ae65b497f603c66bc2d42e853c6d54a98		51	0	8	0		1623	0	not used
input_004	manuscript/revision_2026-09-30_figure_refinement/staging/derived/M1_a_ordering.tsv	data/processed/files/004_M1_a_ordering.tsv.gz	git	git_figure_support_aggregate	Project-generated cohort summary, model/plot geometry, test result or event definition supporting the manuscript; no individual participant records or identifiers are retained.	main-figure renderers and verification	unchanged	05cabe2dac4a2acdfa74a96693bd3719cafc4756430baa7c72d5301d0bab2437	05cabe2dac4a2acdfa74a96693bd3719cafc4756430baa7c72d5301d0bab2437	48450	48450	8	8		872364	872364	selected text values and relative row order preserved
input_005	manuscript/revision_2026-09-30_figure_refinement/staging/derived/M1_a_violin.tsv	data/processed/files/005_M1_a_violin.tsv.gz	git	git_figure_support_aggregate	Project-generated cohort summary, model/plot geometry, test result or event definition supporting the manuscript; no individual participant records or identifiers are retained.	main-figure renderers and verification	unchanged	032feb03e074cfc35ec7d0217b920f25c173c0a97dfdd21a7c76fcfc5e7dde0e	032feb03e074cfc35ec7d0217b920f25c173c0a97dfdd21a7c76fcfc5e7dde0e	26265	26265	24	24		1356200	1356200	selected text values and relative row order preserved
input_006	manuscript/revision_2026-09-30_figure_refinement/staging/derived/M1_b_event_labels.tsv		retired	excluded_unused	Unused by current Figures 1–5: legacy/superseded analysis, duplicate plotting input, or regenerated drawing metadata.	none in current entrypoints	retire	ca196ba1821bedd493d18e166834cd1fb977a885c42228f19cfb6e31060439ea		14	0	8	0		573	0	not used
input_007	manuscript/revision_2026-09-30_figure_refinement/staging/derived/M1_b_ordering.tsv	data/processed/files/007_M1_b_ordering.tsv.gz	git	git_figure_support_aggregate	Project-generated cohort summary, model/plot geometry, test result or event definition supporting the manuscript; no individual participant records or identifiers are retained.	main-figure renderers and verification	unchanged	579903570bdc851e4023aecb06081a58f8584e7978d060a90787382e81acf915	579903570bdc851e4023aecb06081a58f8584e7978d060a90787382e81acf915	26600	26600	8	8		481602	481602	selected text values and relative row order preserved
input_008	manuscript/revision_2026-09-30_figure_refinement/staging/derived/M1_b_violin.tsv	data/processed/files/008_M1_b_violin.tsv.gz	git	git_figure_support_aggregate	Project-generated cohort summary, model/plot geometry, test result or event definition supporting the manuscript; no individual participant records or identifiers are retained.	main-figure renderers and verification	unchanged	2fdc70cc83c633ee5510b2a43b633e34d9406731327f9a10e600fd13e72e33c6	2fdc70cc83c633ee5510b2a43b633e34d9406731327f9a10e600fd13e72e33c6	14420	14420	24	24		745965	745965	selected text values and relative row order preserved
input_009	manuscript/revision_2026-09-30_figure_refinement/staging/derived/M1_c_event_labels.tsv		retired	excluded_unused	Unused by current Figures 1–5: legacy/superseded analysis, duplicate plotting input, or regenerated drawing metadata.	none in current entrypoints	retire	d1ac2bbb18bf22d03ab59c36d153db91daaaf7aec172fbf377baad410e6a9963		20	0	8	0		748	0	not used
input_010	manuscript/revision_2026-09-30_figure_refinement/staging/derived/M1_c_ordering.tsv	data/processed/files/010_M1_c_ordering.tsv.gz	git	git_figure_support_aggregate	Project-generated cohort summary, model/plot geometry, test result or event definition supporting the manuscript; no individual participant records or identifiers are retained.	main-figure renderers and verification	unchanged	44923c60c764f7eb2b7dc13dac5d248915feec4b11a4f449876c9cc8119176e7	44923c60c764f7eb2b7dc13dac5d248915feec4b11a4f449876c9cc8119176e7	34200	34200	8	8		624183	624183	selected text values and relative row order preserved
input_011	manuscript/revision_2026-09-30_figure_refinement/staging/derived/M1_c_violin.tsv	data/processed/files/011_M1_c_violin.tsv.gz	git	git_figure_support_aggregate	Project-generated cohort summary, model/plot geometry, test result or event definition supporting the manuscript; no individual participant records or identifiers are retained.	main-figure renderers and verification	unchanged	38e02d5220cbf768c3544ebe48343e693edac7ebef5a0aad2173c78e5d0c6bcf	38e02d5220cbf768c3544ebe48343e693edac7ebef5a0aad2173c78e5d0c6bcf	18540	18540	24	24		957024	957024	selected text values and relative row order preserved
input_012	manuscript/revision_2026-09-30_figure_refinement/staging/derived/M1_d_event_labels.tsv		retired	excluded_unused	Unused by current Figures 1–5: legacy/superseded analysis, duplicate plotting input, or regenerated drawing metadata.	none in current entrypoints	retire	a0283bdddf8c20e23331ca63219f25306a62353c5521b36d9d474b869baff0d8		10	0	8	0		480	0	not used
input_013	manuscript/revision_2026-09-30_figure_refinement/staging/derived/M1_d_ordering.tsv	data/processed/files/013_M1_d_ordering.tsv.gz	git	git_figure_support_aggregate	Project-generated cohort summary, model/plot geometry, test result or event definition supporting the manuscript; no individual participant records or identifiers are retained.	main-figure renderers and verification	unchanged	058af4ff0e7f1cde82c0046a759fa32de49e2da1cf2ce669ac5575ec053e91e8	058af4ff0e7f1cde82c0046a759fa32de49e2da1cf2ce669ac5575ec053e91e8	21850	21850	8	8		404589	404589	selected text values and relative row order preserved
input_014	manuscript/revision_2026-09-30_figure_refinement/staging/derived/M1_d_violin.tsv	data/processed/files/014_M1_d_violin.tsv.gz	git	git_figure_support_aggregate	Project-generated cohort summary, model/plot geometry, test result or event definition supporting the manuscript; no individual participant records or identifiers are retained.	main-figure renderers and verification	unchanged	8205650e3c8fc56e2f71fbecd838859e38987e0c7af1660c21decf307b7f1c37	8205650e3c8fc56e2f71fbecd838859e38987e0c7af1660c21decf307b7f1c37	11845	11845	24	24		611142	611142	selected text values and relative row order preserved
input_015	manuscript/revision_2026-09-30_figure_refinement/staging/derived/M1_e_subtype_composition_display.tsv	data/processed/files/015_M1_e_subtype_composition_display.tsv.gz	git	git_figure_support_aggregate	Project-generated cohort summary, model/plot geometry, test result or event definition supporting the manuscript; no individual participant records or identifiers are retained.	main-figure renderers and verification	unchanged	b2276815aadeba08aaa2110599da693ecd641f34572821411ba8a9173263678e	b2276815aadeba08aaa2110599da693ecd641f34572821411ba8a9173263678e	10	10	5	5		260	260	selected text values and relative row order preserved
input_016	manuscript/revision_2026-09-30_figure_refinement/staging/derived/M1_f_size_encoding.tsv		retired	excluded_unused	Unused by current Figures 1–5: legacy/superseded analysis, duplicate plotting input, or regenerated drawing metadata.	none in current entrypoints	retire	a0508abc0d8d0ffa9833c0c2a70ab6d603c73db2c4787cc288b8d75dbb70d438		75	0	6	0		1490	0	not used
input_017	manuscript/revision_2026-09-30_figure_refinement/staging/derived/M1_group_specific_event_selection.tsv		retired	excluded_unused	Unused by current Figures 1–5: legacy/superseded analysis, duplicate plotting input, or regenerated drawing metadata.	none in current entrypoints	retire	899a7814c0e743291df2a0f2326cfc8f99f039f94244673b4d2edb38ceca43ed		87	0	12	0		3373	0	not used
input_018	manuscript/revision_2026-09-30_figure_refinement/staging/derived/M1_group_specific_shared_event_matches.tsv		retired	excluded_unused	Unused by current Figures 1–5: legacy/superseded analysis, duplicate plotting input, or regenerated drawing metadata.	none in current entrypoints	retire	295530bce4699ee05e9de4147ece39b1568ba932674c1276190307114bc0d4b8		58	0	8	0		1153	0	not used
input_019	manuscript/revision_2026-09-30_figure_refinement/staging/derived/M2_a_event_labels.tsv		retired	excluded_unused	Unused by current Figures 1–5: legacy/superseded analysis, duplicate plotting input, or regenerated drawing metadata.	none in current entrypoints	retire	fc306af39f6f96c38b8b49a6a2d537a3048873e2e1a2212c58a4f930f6f40b5b		36	0	8	0		1243	0	not used
input_020	manuscript/revision_2026-09-30_figure_refinement/staging/derived/M2_a_ordering.tsv	data/processed/files/020_M2_a_ordering.tsv.gz	git	git_figure_support_aggregate	Project-generated cohort summary, model/plot geometry, test result or event definition supporting the manuscript; no individual participant records or identifiers are retained.	main-figure renderers and verification	unchanged	8e5bf793bf9c200d0979e22980e429922e8a6fd7366fe996f2c4fd8dee473cd2	8e5bf793bf9c200d0979e22980e429922e8a6fd7366fe996f2c4fd8dee473cd2	34200	34200	8	8		599301	599301	selected text values and relative row order preserved
input_021	manuscript/revision_2026-09-30_figure_refinement/staging/derived/M2_a_violin.tsv	data/processed/files/021_M2_a_violin.tsv.gz	git	git_figure_support_aggregate	Project-generated cohort summary, model/plot geometry, test result or event definition supporting the manuscript; no individual participant records or identifiers are retained.	main-figure renderers and verification	unchanged	1dc174f3d9bbbbc5dfa33857dfe28761aceb8ac06e9a50a011f9ae54ec769355	1dc174f3d9bbbbc5dfa33857dfe28761aceb8ac06e9a50a011f9ae54ec769355	18540	18540	3	3		325688	325688	selected text values and relative row order preserved
input_022	manuscript/revision_2026-09-30_figure_refinement/staging/derived/M2_b_event_labels.tsv		retired	excluded_unused	Unused by current Figures 1–5: legacy/superseded analysis, duplicate plotting input, or regenerated drawing metadata.	none in current entrypoints	retire	6d77a963937de032b6213c0a615efb736c0a965de326ffc46e74a52cc6a2a286		43	0	8	0		1323	0	not used
input_023	manuscript/revision_2026-09-30_figure_refinement/staging/derived/M2_b_ordering.tsv	data/processed/files/023_M2_b_ordering.tsv.gz	git	git_figure_support_aggregate	Project-generated cohort summary, model/plot geometry, test result or event definition supporting the manuscript; no individual participant records or identifiers are retained.	main-figure renderers and verification	unchanged	d96243b993fdaeac7c924000b885c2bfa17288c811a582590ebca1366f422401	d96243b993fdaeac7c924000b885c2bfa17288c811a582590ebca1366f422401	40850	40850	8	8		720698	720698	selected text values and relative row order preserved
input_024	manuscript/revision_2026-09-30_figure_refinement/staging/derived/M2_b_violin.tsv	data/processed/files/024_M2_b_violin.tsv.gz	git	git_figure_support_aggregate	Project-generated cohort summary, model/plot geometry, test result or event definition supporting the manuscript; no individual participant records or identifiers are retained.	main-figure renderers and verification	unchanged	543d90abd519cdb7b309b49cab602e13b271f8d9d6d457ec5b97d6d0d21d0915	543d90abd519cdb7b309b49cab602e13b271f8d9d6d457ec5b97d6d0d21d0915	22145	22145	3	3		390412	390412	selected text values and relative row order preserved
input_025	manuscript/revision_2026-09-30_figure_refinement/staging/derived/M2_c_curve_values.tsv		retired	excluded_unused	Unused by current Figures 1–5: legacy/superseded analysis, duplicate plotting input, or regenerated drawing metadata.	none in current entrypoints	retire	72488e871e84faf17c590136dc6dd87e8289c3816fd74927bc311a56d9817a4a		244	0	6	0		3759	0	not used
input_026	manuscript/revision_2026-09-30_figure_refinement/staging/derived/M2_c_risk_counts.tsv		retired	excluded_unused	Unused by current Figures 1–5: legacy/superseded analysis, duplicate plotting input, or regenerated drawing metadata.	none in current entrypoints	retire	126fefd541fac7ad6e73731ab05f82872137ef30d5896b1f74ce3af29e8944b3		10	0	4	0		113	0	not used
input_027	manuscript/revision_2026-09-30_figure_refinement/staging/derived/M2_d_display_contrasts.tsv		retired	excluded_unused	Unused by current Figures 1–5: legacy/superseded analysis, duplicate plotting input, or regenerated drawing metadata.	none in current entrypoints	retire	940cbb8e302263162de2fb85815a8b17b7fae0ab4c6d8f4a107daf10cd58ca3c		7	0	13	0		724	0	not used
input_028	manuscript/revision_2026-09-30_figure_refinement/staging/derived/M2_e_CIC_event_summary.tsv		retired	excluded_unused	Unused by current Figures 1–5: legacy/superseded analysis, duplicate plotting input, or regenerated drawing metadata.	none in current entrypoints	retire	49fda7b98a368a9f33430a4bc14b9b146c8261c5722075d206a0a7d8fa03c8e9		6	0	5	0		176	0	not used
input_029	manuscript/revision_2026-09-30_figure_refinement/staging/derived/M2_e_CIC_retained_regions.tsv		retired	excluded_unused	Unused by current Figures 1–5: legacy/superseded analysis, duplicate plotting input, or regenerated drawing metadata.	none in current entrypoints	retire	0ab965564df3d50d5796d8832f0db38494774b1b6a547f9713fd9e3221ff30a4		125	0	6	0		1070	0	not used
input_030	manuscript/revision_2026-09-30_figure_refinement/staging/derived/M2_e_CIC_specimen_calls.tsv		retired	excluded_unused	Unused by current Figures 1–5: legacy/superseded analysis, duplicate plotting input, or regenerated drawing metadata.	none in current entrypoints	retire	d1a3be413254439c8ca77710523de7c070d7c1d6625ff21d932b11759e7adfe2		263	0	6	0		1956	0	not used
input_031	manuscript/revision_2026-09-30_figure_refinement/staging/derived/M2_e_changed_cells.tsv		retired	excluded_unused	Unused by current Figures 1–5: legacy/superseded analysis, duplicate plotting input, or regenerated drawing metadata.	none in current entrypoints	retire	f588707591b3ba4fd16e8291b627b29b285eec38d61d39f9f0fa09a8b7f88568		63	0	4	0		519	0	not used
input_032	manuscript/revision_2026-09-30_figure_refinement/staging/derived/M2_e_copy_number_calls.tsv		retired	excluded_unused	Unused by current Figures 1–5: legacy/superseded analysis, duplicate plotting input, or regenerated drawing metadata.	none in current entrypoints	retire	24049af4a1ec0eb32843ced6fea8c258a504e1b32610a3811292337c1eb69288		280	0	5	0		2506	0	not used
input_033	manuscript/revision_2026-09-30_figure_refinement/staging/derived/M2_e_plotted_cells.tsv		retired	excluded_unused	Unused by current Figures 1–5: legacy/superseded analysis, duplicate plotting input, or regenerated drawing metadata.	none in current entrypoints	retire	8a3ea3c5970c51308f887ede9583f83bbe0eb709690fea0ff3eae1f7e7e8bbc8		1000	0	12	0		12794	0	not used
input_034	manuscript/revision_2026-09-30_figure_refinement/staging/derived/M2_e_sample_order.tsv		retired	excluded_unused	Unused by current Figures 1–5: legacy/superseded analysis, duplicate plotting input, or regenerated drawing metadata.	none in current entrypoints	retire	720650d70f91b8ffdf7c88f46c8be2320a7f641102dafb356deea71cf66ee6cc		263	0	2	0		1627	0	not used
input_035	manuscript/revision_2026-09-30_figure_refinement/staging/derived/M2_f_saved_model_predictions.tsv		retired	excluded_unused	Unused by current Figures 1–5: legacy/superseded analysis, duplicate plotting input, or regenerated drawing metadata.	none in current entrypoints	retire	52cde3b17cbdc3df8b7930db73a41f5125c7120101956587204d7d02a75f4ec5		309	0	3	0		3898	0	not used
input_036	manuscript/revision_2026-09-30_figure_refinement/staging/derived/M4_a_event_labels.tsv		retired	excluded_unused	Unused by current Figures 1–5: legacy/superseded analysis, duplicate plotting input, or regenerated drawing metadata.	none in current entrypoints	retire	1147911fa0507e4b61db113b9072d3cc2b6cdd0e79f1966e740d25e84d80832c		33	0	8	0		1136	0	not used
input_037	manuscript/revision_2026-09-30_figure_refinement/staging/derived/M4_a_ordering.tsv	data/processed/files/037_M4_a_ordering.tsv.gz	git	git_figure_support_aggregate	Project-generated cohort summary, model/plot geometry, test result or event definition supporting the manuscript; no individual participant records or identifiers are retained.	main-figure renderers and verification	unchanged	bb7c9c06c335366eb515b64dc69236c61a8a4e8009c5240fccfd823df08e3e4d	bb7c9c06c335366eb515b64dc69236c61a8a4e8009c5240fccfd823df08e3e4d	31350	31350	8	8		573504	573504	selected text values and relative row order preserved
input_038	manuscript/revision_2026-09-30_figure_refinement/staging/derived/M4_a_violin.tsv	data/processed/files/038_M4_a_violin.tsv.gz	git	git_figure_support_aggregate	Project-generated cohort summary, model/plot geometry, test result or event definition supporting the manuscript; no individual participant records or identifiers are retained.	main-figure renderers and verification	unchanged	1a1c157769748a90174f48783b9237f7c84c49994e8765aedc0d3abf52d22c02	1a1c157769748a90174f48783b9237f7c84c49994e8765aedc0d3abf52d22c02	16995	16995	24	24		877361	877361	selected text values and relative row order preserved
input_039	manuscript/revision_2026-09-30_figure_refinement/staging/derived/M4_b_event_labels.tsv		retired	excluded_unused	Unused by current Figures 1–5: legacy/superseded analysis, duplicate plotting input, or regenerated drawing metadata.	none in current entrypoints	retire	07c99afa9d74e1a4eff63718cf3caafa36744468805a90db5d035d7862bd41c8		28	0	8	0		995	0	not used
input_040	manuscript/revision_2026-09-30_figure_refinement/staging/derived/M4_b_ordering.tsv	data/processed/files/040_M4_b_ordering.tsv.gz	git	git_figure_support_aggregate	Project-generated cohort summary, model/plot geometry, test result or event definition supporting the manuscript; no individual participant records or identifiers are retained.	main-figure renderers and verification	unchanged	58ca5eaf57dace7c51915eb684554df086d3175cd3efd703be2ae4d603c06f53	58ca5eaf57dace7c51915eb684554df086d3175cd3efd703be2ae4d603c06f53	26600	26600	8	8		489135	489135	selected text values and relative row order preserved
input_041	manuscript/revision_2026-09-30_figure_refinement/staging/derived/M4_b_violin.tsv	data/processed/files/041_M4_b_violin.tsv.gz	git	git_figure_support_aggregate	Project-generated cohort summary, model/plot geometry, test result or event definition supporting the manuscript; no individual participant records or identifiers are retained.	main-figure renderers and verification	unchanged	886d1ea0cbd13b0621c75e9b73736782f109d306e9f95ea190a4879b0fd0483b	886d1ea0cbd13b0621c75e9b73736782f109d306e9f95ea190a4879b0fd0483b	14420	14420	24	24		745941	745941	selected text values and relative row order preserved
input_042	manuscript/revision_2026-09-30_figure_refinement/staging/derived/M4_c_event_labels.tsv		retired	excluded_unused	Unused by current Figures 1–5: legacy/superseded analysis, duplicate plotting input, or regenerated drawing metadata.	none in current entrypoints	retire	721c4fea4f3856db71b3b627a202971e43ec52fbb67db7ebeda8dcc5e76e9e70		34	0	8	0		1103	0	not used
input_043	manuscript/revision_2026-09-30_figure_refinement/staging/derived/M4_c_ordering.tsv	data/processed/files/043_M4_c_ordering.tsv.gz	git	git_figure_support_aggregate	Project-generated cohort summary, model/plot geometry, test result or event definition supporting the manuscript; no individual participant records or identifiers are retained.	main-figure renderers and verification	unchanged	758a8fd211feb672ec45090bde3007408f226c34fd94a12f851547181fd8f426	758a8fd211feb672ec45090bde3007408f226c34fd94a12f851547181fd8f426	32300	32300	8	8		591296	591296	selected text values and relative row order preserved
input_044	manuscript/revision_2026-09-30_figure_refinement/staging/derived/M4_c_violin.tsv	data/processed/files/044_M4_c_violin.tsv.gz	git	git_figure_support_aggregate	Project-generated cohort summary, model/plot geometry, test result or event definition supporting the manuscript; no individual participant records or identifiers are retained.	main-figure renderers and verification	unchanged	9c97de331a83b22516ddfc6887d1ca3842851422d2a98366dca65bf817465133	9c97de331a83b22516ddfc6887d1ca3842851422d2a98366dca65bf817465133	17510	17510	24	24		904703	904703	selected text values and relative row order preserved
input_045	results/PL-output/plackett_luce_astro_g2_g3/tcga_astro_DN1_mergedseg_G1.txt	data/external/files/045_tcga_astro_DN1_mergedseg_G1.txt.gz	author_request	request_measured_data	Individual clinical/molecular measurements or detailed segment/feature values; local source lineage is known, but an explicit open-redistribution record for this custom derived table was not found.	functions/R/render_figure2.R	select_columns	e68ec0a0f538dfadfc9d4ba310a8bacf1a1b9ebbb848f43481b4a4b88a597518	8dbc170fa5115476da7d1474ea9a9343cea903b227c7a881d9e5fcff20754da6	2032	2032	12	6	nMaj1_A;nMin1_A;tumour_ploidy;noevent;w.mean;no.chr.bearing.mut	23029	11444	selected text values and relative row order preserved
input_046	results/PL-output/plackett_luce_astro_g2_g3/tcga_astro_DN2_mergedseg_G1.txt	data/external/files/046_tcga_astro_DN2_mergedseg_G1.txt.gz	author_request	request_measured_data	Individual clinical/molecular measurements or detailed segment/feature values; local source lineage is known, but an explicit open-redistribution record for this custom derived table was not found.	functions/R/render_figure2.R	select_columns	fbf8c48b5a0d486e1488a9d8880f2f45340a710b239290e02380d7bb6020b25a	5fbe38d4ab22959b826e947359d19b9b79ce65f41d43e8d3eb0a9b978d9e014a	864	864	12	6	nMaj1_A;nMin1_A;tumour_ploidy;noevent;w.mean;no.chr.bearing.mut	10978	5844	selected text values and relative row order preserved
input_047	results/analysis/amplicon_classifier_2_update_2026-10-02/current/curated_feature_calls.tsv	data/external/files/047_curated_feature_calls.tsv.gz	author_request	request_measured_data	Individual clinical/molecular measurements or detailed segment/feature values; local source lineage is known, but an explicit open-redistribution record for this custom derived table was not found.	functions/python/ac2_aggregate.py; functions/R/ac2_statistics.R; figure5 renderers	select_columns	4ed964202264b3cf9b32189c508445c032873fc711900a3db1ba686aa23ab3e0	274ad9443e4d47ebf9873ae895c74a38fddb11e6b1a9f6adcf41c0c82d6020df	539	539	36	9	Sample name;AA amplicon number;FAN probability;Contains viral;Location;NCBI Gene IDs;Complexity score;ecDNA context;Captured interval length;Feature median copy number;Feature maximum copy number;Filter flag;Reference version;Tissue of origin;Sample type;Feature BED file;CNV BED file;AS-p version;AA version;AC version;AA PNG file;AA PDF file;AA summary file;Run metadata JSON;Sample metadata JSON;Tumor_Type;Subtype_Final	144648	41711	selected text values and relative row order preserved
input_048	results/analysis/amplicon_classifier_2_update_2026-10-02/current/figure5/amplicon_subject_table.tsv	data/external/files/048_amplicon_subject_table.tsv.gz	author_request	request_measured_data	Individual clinical/molecular measurements or detailed segment/feature values; local source lineage is known, but an explicit open-redistribution record for this custom derived table was not found.	functions/python/ac2_aggregate.py; functions/R/ac2_statistics.R; figure5 renderers	unchanged	86d74d889517c63652dc356c36f30e8bb3b66ea5a6fa442bcb7bcad9dbe31ac9	86d74d889517c63652dc356c36f30e8bb3b66ea5a6fa442bcb7bcad9dbe31ac9	389	389	7	7		2039	2039	selected text values and relative row order preserved
input_049	results/analysis/amplicon_classifier_2_update_2026-10-02/current/figure5/ecdna_candidate_features.tsv	data/external/files/049_ecdna_candidate_features.tsv.gz	author_request	request_measured_data	Individual clinical/molecular measurements or detailed segment/feature values; local source lineage is known, but an explicit open-redistribution record for this custom derived table was not found.	functions/python/ac2_aggregate.py; functions/R/ac2_statistics.R; figure5 renderers	select_columns	edadee93cc16d07f9560edda228c985514bd3571b25b3922a478409debf957cc	c4d2b50e9ab3135197c6f142020e5f545c97930e1147edddd3aa7b3c9be72acc	329	329	37	10	Sample name;AA amplicon number;FAN probability;Contains viral;Location;NCBI Gene IDs;Complexity score;ecDNA context;Captured interval length;Feature median copy number;Feature maximum copy number;Filter flag;Reference version;Tissue of origin;Sample type;Feature BED file;CNV BED file;AS-p version;AA version;AC version;AA PNG file;AA PDF file;AA summary file;Run metadata JSON;Sample metadata JSON;Tumor_Type;Subtype_Final	61869	16692	selected text values and relative row order preserved
input_050	results/analysis/amplicon_classifier_2_update_2026-10-02/current/figure5/ecdna_positive_subject_denominators.tsv	data/processed/files/050_ecdna_positive_subject_denominators.tsv.gz	git	git_figure_support_aggregate	Project-generated cohort summary, model/plot geometry, test result or event definition supporting the manuscript; no individual participant records or identifiers are retained.	functions/python/ac2_aggregate.py; functions/R/ac2_statistics.R; figure5 renderers	unchanged	6b2dd901de4d5be10d2e5825b4caeff27703c74179da3837ad2d852c830892b6	6b2dd901de4d5be10d2e5825b4caeff27703c74179da3837ad2d852c830892b6	3	3	2	2		65	65	selected text values and relative row order preserved
input_051	results/analysis/amplicon_classifier_2_update_2026-10-02/current/figure5/ecdna_subject_gene_context.tsv	data/external/files/051_ecdna_subject_gene_context.tsv.gz	author_request	request_measured_data	Individual clinical/molecular measurements or detailed segment/feature values; local source lineage is known, but an explicit open-redistribution record for this custom derived table was not found.	functions/python/ac2_aggregate.py; functions/R/ac2_statistics.R; figure5 renderers	unchanged	54054599420926929283802527cf74d73d5f99e9edc6ee0d86b9a29d6837f379	54054599420926929283802527cf74d73d5f99e9edc6ee0d86b9a29d6837f379	516	516	7	7		9030	9030	selected text values and relative row order preserved
input_052	results/analysis/amplicon_classifier_2_update_2026-10-02/current/figure5/panel_a_amplicon_global_fisher.tsv	data/processed/files/052_panel_a_amplicon_global_fisher.tsv.gz	git	git_figure_support_aggregate	Project-generated cohort summary, model/plot geometry, test result or event definition supporting the manuscript; no individual participant records or identifiers are retained.	functions/python/ac2_aggregate.py; functions/R/ac2_statistics.R; figure5 renderers	unchanged	7f1aae2673d6d34a62d7e0de91b32ac2c15f52b1323dc7f61ffdf8bc80ef79ca	7f1aae2673d6d34a62d7e0de91b32ac2c15f52b1323dc7f61ffdf8bc80ef79ca	5	5	3	3		195	195	selected text values and relative row order preserved
input_053	results/analysis/amplicon_classifier_2_update_2026-10-02/current/figure5/panel_a_amplicon_pairwise_fisher.tsv	data/processed/files/053_panel_a_amplicon_pairwise_fisher.tsv.gz	git	git_figure_support_aggregate	Project-generated cohort summary, model/plot geometry, test result or event definition supporting the manuscript; no individual participant records or identifiers are retained.	functions/python/ac2_aggregate.py; functions/R/ac2_statistics.R; figure5 renderers	unchanged	f79e88b4573c7498ef381b9376f78c4670fe418f35cc08f87707ac2786c13189	f79e88b4573c7498ef381b9376f78c4670fe418f35cc08f87707ac2786c13189	15	15	6	6		428	428	selected text values and relative row order preserved
input_054	results/analysis/amplicon_classifier_2_update_2026-10-02/current/figure5/panel_a_amplicon_patient_counts.tsv	data/external/files/054_panel_a_amplicon_patient_counts.tsv.gz	author_request	request_measured_data	Individual clinical/molecular measurements or detailed segment/feature values; local source lineage is known, but an explicit open-redistribution record for this custom derived table was not found.	functions/python/ac2_aggregate.py; functions/R/ac2_statistics.R; figure5 renderers	unchanged	eb3a3da033b06f4d525a0a7f9711c2adc6f114c24f1ec42cd6430d122e852694	eb3a3da033b06f4d525a0a7f9711c2adc6f114c24f1ec42cd6430d122e852694	1945	1945	5	5		8215	8215	selected text values and relative row order preserved
input_055	results/analysis/amplicon_classifier_2_update_2026-10-02/current/figure5/panel_a_amplicon_rates.tsv	data/processed/files/055_panel_a_amplicon_rates.tsv.gz	git	git_figure_support_aggregate	Project-generated cohort summary, model/plot geometry, test result or event definition supporting the manuscript; no individual participant records or identifiers are retained.	functions/python/ac2_aggregate.py; functions/R/ac2_statistics.R; figure5 renderers	unchanged	9f053cb81838cde99c3b397b3f588e153f52b65cdffa2f332f8ed9f041f06b82	9f053cb81838cde99c3b397b3f588e153f52b65cdffa2f332f8ed9f041f06b82	15	15	6	6		313	313	selected text values and relative row order preserved
input_056	results/analysis/amplicon_classifier_2_update_2026-10-02/current/figure5/panel_a_architecture_burden_global_tests.tsv	data/processed/files/056_panel_a_architecture_burden_global_tests.tsv.gz	git	git_figure_support_aggregate	Project-generated cohort summary, model/plot geometry, test result or event definition supporting the manuscript; no individual participant records or identifiers are retained.	functions/python/ac2_aggregate.py; functions/R/ac2_statistics.R; figure5 renderers	unchanged	024a80d28058327c06fc9a68f463cf49f65cb55498b403d16b54b38c8e0863db	024a80d28058327c06fc9a68f463cf49f65cb55498b403d16b54b38c8e0863db	5	5	3	3		182	182	selected text values and relative row order preserved
input_057	results/analysis/amplicon_classifier_2_update_2026-10-02/current/figure5/panel_a_architecture_burden_pairwise_tests.tsv	data/processed/files/057_panel_a_architecture_burden_pairwise_tests.tsv.gz	git	git_figure_support_aggregate	Project-generated cohort summary, model/plot geometry, test result or event definition supporting the manuscript; no individual participant records or identifiers are retained.	functions/python/ac2_aggregate.py; functions/R/ac2_statistics.R; figure5 renderers	unchanged	053a0756697b8583aa5facef83366ed67195e965baa6397e6dedd8ccb10d2671	053a0756697b8583aa5facef83366ed67195e965baa6397e6dedd8ccb10d2671	15	15	6	6		473	473	selected text values and relative row order preserved
input_058	results/analysis/amplicon_classifier_2_update_2026-10-02/current/figure5/panel_b_ecdna_oncogene_burden.tsv	data/external/files/058_panel_b_ecdna_oncogene_burden.tsv.gz	author_request	request_measured_data	Individual clinical/molecular measurements or detailed segment/feature values; local source lineage is known, but an explicit open-redistribution record for this custom derived table was not found.	functions/python/ac2_aggregate.py; functions/R/ac2_statistics.R; figure5 renderers	unchanged	edd0e3fba56fa04daf368c1c49a83aa82c854b1c25ea43043e157247028dfd60	edd0e3fba56fa04daf368c1c49a83aa82c854b1c25ea43043e157247028dfd60	233	233	3	3		1093	1093	selected text values and relative row order preserved
input_059	results/analysis/amplicon_classifier_2_update_2026-10-02/current/figure5/panel_b_ecdna_oncogene_burden_global_test.tsv	data/processed/files/059_panel_b_ecdna_oncogene_burden_global_test.tsv.gz	git	git_figure_support_aggregate	Project-generated cohort summary, model/plot geometry, test result or event definition supporting the manuscript; no individual participant records or identifiers are retained.	functions/python/ac2_aggregate.py; functions/R/ac2_statistics.R; figure5 renderers	unchanged	78a0e85897b514be55fd815c41bd170fa14626cccb0a153d8e6c56fa7a4267ae	78a0e85897b514be55fd815c41bd170fa14626cccb0a153d8e6c56fa7a4267ae	1	1	3	3		118	118	selected text values and relative row order preserved
input_060	results/analysis/amplicon_classifier_2_update_2026-10-02/current/figure5/panel_b_ecdna_oncogene_burden_pairwise_tests.tsv	data/processed/files/060_panel_b_ecdna_oncogene_burden_pairwise_tests.tsv.gz	git	git_figure_support_aggregate	Project-generated cohort summary, model/plot geometry, test result or event definition supporting the manuscript; no individual participant records or identifiers are retained.	functions/python/ac2_aggregate.py; functions/R/ac2_statistics.R; figure5 renderers	unchanged	ecc7e9536898f22eaf07806715f3074f9b8ec131a19da5a332e55512fbe743dd	ecc7e9536898f22eaf07806715f3074f9b8ec131a19da5a332e55512fbe743dd	3	3	5	5		181	181	selected text values and relative row order preserved
input_061	results/analysis/amplicon_classifier_2_update_2026-10-02/current/figure5/panel_b_summary.tsv	data/processed/files/061_panel_b_summary.tsv.gz	git	git_figure_support_aggregate	Project-generated cohort summary, model/plot geometry, test result or event definition supporting the manuscript; no individual participant records or identifiers are retained.	functions/python/ac2_aggregate.py; functions/R/ac2_statistics.R; figure5 renderers	unchanged	a89eeb9cbf555334cb70f4ec7592d52b5d0ec183ff9902cd1ee7e6bcf979d855	a89eeb9cbf555334cb70f4ec7592d52b5d0ec183ff9902cd1ee7e6bcf979d855	3	3	4	4		105	105	selected text values and relative row order preserved
input_062	results/analysis/amplicon_classifier_2_update_2026-10-02/current/figure5/panel_c_oncogene_one_vs_rest_fisher.tsv	data/processed/files/062_panel_c_oncogene_one_vs_rest_fisher.tsv.gz	git	git_figure_support_aggregate	Project-generated cohort summary, model/plot geometry, test result or event definition supporting the manuscript; no individual participant records or identifiers are retained.	functions/python/ac2_aggregate.py; functions/R/ac2_statistics.R; figure5 renderers	unchanged	59d0390dae6fefd4986448155e86c9b86510895c742c9cf8626243af5ddfb043	59d0390dae6fefd4986448155e86c9b86510895c742c9cf8626243af5ddfb043	54	54	12	12		3084	3084	selected text values and relative row order preserved
input_063	results/analysis/amplicon_classifier_2_update_2026-10-02/current/figure5/panel_c_oncogene_prevalence.tsv	data/processed/files/063_panel_c_oncogene_prevalence.tsv.gz	git	git_figure_support_aggregate	Project-generated cohort summary, model/plot geometry, test result or event definition supporting the manuscript; no individual participant records or identifiers are retained.	functions/python/ac2_aggregate.py; functions/R/ac2_statistics.R; figure5 renderers	unchanged	a3a98b3828800507b94c6a7727a847b373147abe7d1b1579071554cd7205817e	a3a98b3828800507b94c6a7727a847b373147abe7d1b1579071554cd7205817e	36	36	5	5		455	455	selected text values and relative row order preserved
input_064	results/analysis/amplicon_classifier_2_update_2026-10-02/current/figure5/panel_d_cooccurrence_context_prevalence.tsv	data/processed/files/064_panel_d_cooccurrence_context_prevalence.tsv.gz	git	git_figure_support_aggregate	Project-generated cohort summary, model/plot geometry, test result or event definition supporting the manuscript; no individual participant records or identifiers are retained.	functions/python/ac2_aggregate.py; functions/R/ac2_statistics.R; figure5 renderers	unchanged	28813a01f20848c44721f6c93aa47649bf8e6297f0937810516338eba92e7ff9	28813a01f20848c44721f6c93aa47649bf8e6297f0937810516338eba92e7ff9	108	108	7	7		1049	1049	selected text values and relative row order preserved
input_065	results/analysis/amplicon_classifier_2_update_2026-10-02/current/figure5/panel_d_cooccurrence_nodes.tsv	data/processed/files/065_panel_d_cooccurrence_nodes.tsv.gz	git	git_figure_support_aggregate	Project-generated cohort summary, model/plot geometry, test result or event definition supporting the manuscript; no individual participant records or identifiers are retained.	functions/python/ac2_aggregate.py; functions/R/ac2_statistics.R; figure5 renderers	unchanged	aa453c6dd311f91fa39aedaca7ca30fb865912cd705889d1f149a6b75d7cc104	aa453c6dd311f91fa39aedaca7ca30fb865912cd705889d1f149a6b75d7cc104	36	36	8	8		565	565	selected text values and relative row order preserved
input_066	results/analysis/amplicon_classifier_2_update_2026-10-02/current/figure5/panel_d_cooccurrence_pairs.tsv	data/processed/files/066_panel_d_cooccurrence_pairs.tsv.gz	git	git_figure_support_aggregate	Project-generated cohort summary, model/plot geometry, test result or event definition supporting the manuscript; no individual participant records or identifiers are retained.	functions/python/ac2_aggregate.py; functions/R/ac2_statistics.R; figure5 renderers	unchanged	2801203094b72ee7627b411e4e25ea199a6623f97967fd83a46f5457ccc14bfe	2801203094b72ee7627b411e4e25ea199a6623f97967fd83a46f5457ccc14bfe	65	65	6	6		481	481	selected text values and relative row order preserved
input_067	results/analysis/amplicon_classifier_2_update_2026-10-02/current/figure5/panel_d_cooccurrence_top_genes.tsv	data/processed/files/067_panel_d_cooccurrence_top_genes.tsv.gz	git	git_figure_support_aggregate	Project-generated cohort summary, model/plot geometry, test result or event definition supporting the manuscript; no individual participant records or identifiers are retained.	functions/python/ac2_aggregate.py; functions/R/ac2_statistics.R; figure5 renderers	unchanged	aa453c6dd311f91fa39aedaca7ca30fb865912cd705889d1f149a6b75d7cc104	aa453c6dd311f91fa39aedaca7ca30fb865912cd705889d1f149a6b75d7cc104	36	36	8	8		565	565	selected text values and relative row order preserved
input_068	results/analysis/amplicon_classifier_2_update_2026-10-02/current/figure5/panel_d_cooccurrence_tumor_denominators.tsv	data/processed/files/068_panel_d_cooccurrence_tumor_denominators.tsv.gz	git	git_figure_support_aggregate	Project-generated cohort summary, model/plot geometry, test result or event definition supporting the manuscript; no individual participant records or identifiers are retained.	functions/python/ac2_aggregate.py; functions/R/ac2_statistics.R; figure5 renderers	unchanged	89884baa7facb4f787842f961b7789becd90542896ce2b361cea142a4787f5f0	89884baa7facb4f787842f961b7789becd90542896ce2b361cea142a4787f5f0	3	3	2	2		63	63	selected text values and relative row order preserved
input_069	results/analysis/amplicon_classifier_2_update_2026-10-02/current/figure5/panel_e_candidate_sensitivity_global_test.tsv	data/processed/files/069_panel_e_candidate_sensitivity_global_test.tsv.gz	git	git_figure_support_aggregate	Project-generated cohort summary, model/plot geometry, test result or event definition supporting the manuscript; no individual participant records or identifiers are retained.	functions/python/ac2_aggregate.py; functions/R/ac2_statistics.R; figure5 renderers	unchanged	a2c0458c1b146cc0709d1657dd239353377592f1bd1c7ebbf26e478a6bd24fd9	a2c0458c1b146cc0709d1657dd239353377592f1bd1c7ebbf26e478a6bd24fd9	1	1	2	2		69	69	selected text values and relative row order preserved
input_070	results/analysis/amplicon_classifier_2_update_2026-10-02/current/figure5/panel_e_candidate_sensitivity_pairwise_tests.tsv	data/processed/files/070_panel_e_candidate_sensitivity_pairwise_tests.tsv.gz	git	git_figure_support_aggregate	Project-generated cohort summary, model/plot geometry, test result or event definition supporting the manuscript; no individual participant records or identifiers are retained.	functions/python/ac2_aggregate.py; functions/R/ac2_statistics.R; figure5 renderers	unchanged	4e7ce64a9eeeb36548320cc92d5e7203b02b780774f19071be3c8eaf5d0ef3a7	4e7ce64a9eeeb36548320cc92d5e7203b02b780774f19071be3c8eaf5d0ef3a7	3	3	4	4		135	135	selected text values and relative row order preserved
input_071	results/analysis/amplicon_classifier_2_update_2026-10-02/current/figure5/panel_e_egfr_copy_number_candidate_sensitivity.tsv	data/external/files/071_panel_e_egfr_copy_number_candidate_sensitivity.tsv.gz	author_request	request_measured_data	Individual clinical/molecular measurements or detailed segment/feature values; local source lineage is known, but an explicit open-redistribution record for this custom derived table was not found.	functions/python/ac2_aggregate.py; functions/R/ac2_statistics.R; figure5 renderers	unchanged	887e0398a3c92d06ccb90dbf68b7a7a3e5055d7f3f64918431d82d69a3eafc1c	887e0398a3c92d06ccb90dbf68b7a7a3e5055d7f3f64918431d82d69a3eafc1c	163	163	3	3		2462	2462	selected text values and relative row order preserved
input_072	results/analysis/amplicon_classifier_2_update_2026-10-02/current/figure5/panel_e_egfr_ecdna_copy_number.tsv	data/external/files/072_panel_e_egfr_ecdna_copy_number.tsv.gz	author_request	request_measured_data	Individual clinical/molecular measurements or detailed segment/feature values; local source lineage is known, but an explicit open-redistribution record for this custom derived table was not found.	functions/python/ac2_aggregate.py; functions/R/ac2_statistics.R; figure5 renderers	unchanged	2e74e5d1b50f876ea9bac9e42bbdccc2cdea0aec6e78eef57431b9a8a2d7ff5c	2e74e5d1b50f876ea9bac9e42bbdccc2cdea0aec6e78eef57431b9a8a2d7ff5c	162	162	3	3		2448	2448	selected text values and relative row order preserved
input_073	results/analysis/amplicon_classifier_2_update_2026-10-02/current/figure5/panel_e_egfr_expression.tsv	data/external/files/073_panel_e_egfr_expression.tsv.gz	author_request	request_measured_data	Individual clinical/molecular measurements or detailed segment/feature values; local source lineage is known, but an explicit open-redistribution record for this custom derived table was not found.	functions/python/ac2_aggregate.py; functions/R/ac2_statistics.R; figure5 renderers	select_columns	c7a4eb7995ad035fceacdae78a8db4eecc820c12ccfbebd080c72050bf190178	2bc4bdd366f316959188f4a22a1d6a1569f9b0fcf4b8dc51bb92c377edb8066e	208	208	5	3	Group_label;Group_x	3054	2856	selected text values and relative row order preserved
input_074	results/analysis/amplicon_classifier_2_update_2026-10-02/current/figure5/panel_e_egfr_fusion_classes.tsv	data/processed/files/074_panel_e_egfr_fusion_classes.tsv.gz	git	git_figure_support_aggregate	Project-generated cohort summary, model/plot geometry, test result or event definition supporting the manuscript; no individual participant records or identifiers are retained.	functions/python/ac2_aggregate.py; functions/R/ac2_statistics.R; figure5 renderers	select_columns	c4d923acea67dc7ebd3468eaa0e7f365a7a03cc5ecf0e03fee8f71b363a1139d	05d2f1f9bca8992c5ec0e7adea098b70ec28d73ca29148b0b424a2d290527ed3	9	9	12	5	Group_label;Group_x;pct_label;stack_order;pct_ymin;pct_ymax;pct_mid	459	243	selected text values and relative row order preserved
input_075	results/analysis/amplicon_classifier_2_update_2026-10-02/current/figure5/panel_e_global_tests.tsv	data/processed/files/075_panel_e_global_tests.tsv.gz	git	git_figure_support_aggregate	Project-generated cohort summary, model/plot geometry, test result or event definition supporting the manuscript; no individual participant records or identifiers are retained.	functions/python/ac2_aggregate.py; functions/R/ac2_statistics.R; figure5 renderers	unchanged	6876492774e473da0b90886072a5cb740db7cd53a3b0517ff92c906f71e639dc	6876492774e473da0b90886072a5cb740db7cd53a3b0517ff92c906f71e639dc	3	3	3	3		169	169	selected text values and relative row order preserved
input_076	results/analysis/amplicon_classifier_2_update_2026-10-02/current/figure5/panel_e_pairwise_tests.tsv	data/processed/files/076_panel_e_pairwise_tests.tsv.gz	git	git_figure_support_aggregate	Project-generated cohort summary, model/plot geometry, test result or event definition supporting the manuscript; no individual participant records or identifiers are retained.	functions/python/ac2_aggregate.py; functions/R/ac2_statistics.R; figure5 renderers	unchanged	74584991644b250d2848bc8b22601d5ab2878fd185e89d9dcbd7f21a037fe4da	74584991644b250d2848bc8b22601d5ab2878fd185e89d9dcbd7f21a037fe4da	9	9	5	5		315	315	selected text values and relative row order preserved
input_077	results/analysis/amplicon_classifier_2_update_2026-10-02/current/figure5/panel_e_summary.tsv	data/processed/files/077_panel_e_summary.tsv.gz	git	git_figure_support_aggregate	Project-generated cohort summary, model/plot geometry, test result or event definition supporting the manuscript; no individual participant records or identifiers are retained.	functions/python/ac2_aggregate.py; functions/R/ac2_statistics.R; figure5 renderers	unchanged	e96f2788a9f673b46d9362b5a62996ec2d22269df18b370dbfc1155dfcf74cb3	e96f2788a9f673b46d9362b5a62996ec2d22269df18b370dbfc1155dfcf74cb3	3	3	4	4		130	130	selected text values and relative row order preserved
input_078	results/analysis/bcor_reclassification_2026-09-21/analysis/GBM_primary_group_roster.tsv	data/external/files/078_GBM_primary_group_roster.tsv.gz	author_request	request_measured_data	Individual clinical/molecular measurements or detailed segment/feature values; local source lineage is known, but an explicit open-redistribution record for this custom derived table was not found.	functions/python/ac2_aggregate.py; functions/R/ac2_statistics.R; figure5 renderers	select_columns	945802713fbc934964f1b01f23887fa9ef072e637bb3350b52c9d3a260d4185f	cc2b6b92574d265d1b8acbb2c9ea2dce94105c5a27d1f93af5e7ab9f2450b5d3	389	389	5	2	Tumor_Barcode;Group;Primary	3433	1556	selected text values and relative row order preserved
input_079	results/analysis/bcor_reclassification_2026-09-21/analysis/curated_specimen_roster.tsv		retired	excluded_unused	Unused by current Figures 1–5: legacy/superseded analysis, duplicate plotting input, or regenerated drawing metadata.	none in current entrypoints	retire	b638f00deab8dd25ffe1cf34542ef3506a542568621c19fae76b4f8bac30be9d		814	0	40	0		30666	0	not used
input_080	results/analysis/bcor_reclassification_2026-09-21/ecdna/amplicons/gbm_dn3_amplicon_subject_table.tsv		retired	excluded_unused	Unused by current Figures 1–5: legacy/superseded analysis, duplicate plotting input, or regenerated drawing metadata.	none in current entrypoints	retire	6157949e0dbc8b4424a1dd6e58b3d33b46da7aca4ef01be44d20c74fd337af26		389	0	25	0		14536	0	not used
input_081	results/analysis/bcor_reclassification_2026-09-21/figures/figure3/source-data/panel-i/patient_column_key.tsv	data/external/files/081_patient_column_key.tsv.gz	author_request	request_measured_data	Individual clinical/molecular measurements or detailed segment/feature values; local source lineage is known, but an explicit open-redistribution record for this custom derived table was not found.	functions/python/render_figure3.py	select_columns	61757c72d1fbfa3895e1d7dff59f978d4a1e0f8356104a09794e992c632fc961	c025ca877f54b03ca7670d4198b017e0cb25a90ca39c7e1326805151b001e7bc	88	88	16	7	Tumor_Barcode;group_order;column_in_group;CT_chromosomes;CT_components;BB_Ploidy;BB_Purity;grade_source;x_in	4410	1495	selected text values and relative row order preserved
input_082	results/analysis/bcor_reclassification_2026-09-21/figures/figure3/source-data/panel-i/patient_gene_matrix.tsv	data/external/files/082_patient_gene_matrix.tsv.gz	author_request	request_measured_data	Individual clinical/molecular measurements or detailed segment/feature values; local source lineage is known, but an explicit open-redistribution record for this custom derived table was not found.	functions/python/render_figure3.py	select_columns	6fe60342b89723cf4070cfe9f261ecdc98240a3b9cdfe140c9ed0516bcd1dd84	d35ed44319d9bdee9bd7b71a6766d05f2d21d7ac4acf4ffb4ca1e57656045669	704	704	30	8	CN_eligible;ct_overlap_bp;ct_interval_ids;strict_cn_event_ids;cn_ids;Tumor_Barcode;route;group_order;column_in_group;column_index;CT_component_SVs;CT_span_Mb;CT_chromosomes;CT_components;BB_Ploidy;BB_Purity;hist_grade;grade_source;grade_explicit;row_index;x_in;y_in	13978	3091	selected text values and relative row order preserved
input_083	results/analysis/bcor_reclassification_2026-09-21/figures/figure4/derived-data/gain-timing/gbm_dn3_panel_d_gain_timing_curve.tsv	data/external/files/083_gbm_dn3_panel_d_gain_timing_curve.tsv.gz	author_request	request_measured_data	Individual clinical/molecular measurements or detailed segment/feature values; local source lineage is known, but an explicit open-redistribution record for this custom derived table was not found.	main-figure renderers and verification	unchanged	15ee6b75546f4aaaf6ab85e3b5a569f3fbbe729f3f4ba91a4d28cd910241d5ca	15ee6b75546f4aaaf6ab85e3b5a569f3fbbe729f3f4ba91a4d28cd910241d5ca	3961	3961	6	6		103162	103162	selected text values and relative row order preserved
input_084	results/analysis/bcor_reclassification_2026-09-21/figures/figure4/derived-data/gain-timing/gbm_dn3_panel_d_gain_timing_global_permutation.tsv	data/processed/files/084_gbm_dn3_panel_d_gain_timing_global_permutation.tsv.gz	git	git_figure_support_aggregate	Project-generated cohort summary, model/plot geometry, test result or event definition supporting the manuscript; no individual participant records or identifiers are retained.	main-figure renderers and verification	unchanged	214dc0ea1bd6333d9c28b80dd22c571534d8eb45667e778eafefd2802521fffc	214dc0ea1bd6333d9c28b80dd22c571534d8eb45667e778eafefd2802521fffc	1	1	4	4		110	110	selected text values and relative row order preserved
input_085	results/analysis/bcor_reclassification_2026-09-21/figures/figure4/derived-data/gain-timing/gbm_dn3_panel_d_gain_timing_stats.tsv	data/processed/files/085_gbm_dn3_panel_d_gain_timing_stats.tsv.gz	git	git_figure_support_aggregate	Project-generated cohort summary, model/plot geometry, test result or event definition supporting the manuscript; no individual participant records or identifiers are retained.	main-figure renderers and verification	unchanged	016d57101741a63cba7dab5e0bbe5b7cc912b60f60cf6b0847990b9f838e9a58	016d57101741a63cba7dab5e0bbe5b7cc912b60f60cf6b0847990b9f838e9a58	3	3	6	6		196	196	selected text values and relative row order preserved
input_086	results/analysis/bcor_reclassification_2026-09-21/figures/figure4/derived-data/pcawg-timing/gbm_dn3_pcawg_timing_pie_bins.tsv	data/processed/files/086_gbm_dn3_pcawg_timing_pie_bins.tsv.gz	git	git_figure_support_aggregate	Project-generated cohort summary, model/plot geometry, test result or event definition supporting the manuscript; no individual participant records or identifiers are retained.	main-figure renderers and verification	unchanged	71ed62089468b8820de36ef7676ddf32f16cc24b20faa2921bbd69f1042bb280	71ed62089468b8820de36ef7676ddf32f16cc24b20faa2921bbd69f1042bb280	1148	1148	7	7		11696	11696	selected text values and relative row order preserved
input_087	results/analysis/bcor_reclassification_2026-09-21/figures/figure4/derived-data/pcawg-timing/gbm_dn3_pcawg_timing_pie_summary.tsv	data/processed/files/087_gbm_dn3_pcawg_timing_pie_summary.tsv.gz	git	git_figure_support_aggregate	Project-generated cohort summary, model/plot geometry, test result or event definition supporting the manuscript; no individual participant records or identifiers are retained.	main-figure renderers and verification	unchanged	c447260f011429c92cac9fcf8a471f9a044191f865d2899b6a4da6af1f07656f	c447260f011429c92cac9fcf8a471f9a044191f865d2899b6a4da6af1f07656f	75	75	8	8		2435	2435	selected text values and relative row order preserved
input_088	results/analysis/bcor_reclassification_2026-09-21/figures/figure4/derived-data/publication-panels/figure4_six_metric_pairwise_tests.tsv	data/processed/files/088_figure4_six_metric_pairwise_tests.tsv.gz	git	git_figure_support_aggregate	Project-generated cohort summary, model/plot geometry, test result or event definition supporting the manuscript; no individual participant records or identifiers are retained.	main-figure renderers and verification	unchanged	2d8161d3668d95a687b2a942aa1a55adfb2f5085ba2c7e6bbb7e1b03cb28174e	2d8161d3668d95a687b2a942aa1a55adfb2f5085ba2c7e6bbb7e1b03cb28174e	18	18	7	7		542	542	selected text values and relative row order preserved
input_089	results/analysis/bcor_reclassification_2026-09-21/figures/figure4/derived-data/publication-panels/figure4_six_metric_values.tsv	data/external/files/089_figure4_six_metric_values.tsv.gz	author_request	request_measured_data	Individual clinical/molecular measurements or detailed segment/feature values; local source lineage is known, but an explicit open-redistribution record for this custom derived table was not found.	main-figure renderers and verification	select_columns	93ab0905df2771a7582a38dd9e8e90f86fe1ca9d78891192ca31bf9c2ce589e1	69c926c6879849b670b4182a33b9b50c76d0606c373e14ae2047a037a1210acb	2093	2093	6	4	Subject;source	35683	26174	selected text values and relative row order preserved
input_090	results/analysis/bcor_reclassification_2026-09-21/figures/figure5/derived-data/panel_a_amplicon_rates.tsv		retired	excluded_unused	Unused by current Figures 1–5: legacy/superseded analysis, duplicate plotting input, or regenerated drawing metadata.	none in current entrypoints	retire	5da766e8e9ff338792783b4f33dd705387ee91e21f0205718d83cc8b1f442609		9	0	5	0		229	0	not used
input_091	results/analysis/bcor_reclassification_2026-09-21/figures/figure5/derived-data/panel_b_ecdna_oncogene_burden.tsv		retired	excluded_unused	Unused by current Figures 1–5: legacy/superseded analysis, duplicate plotting input, or regenerated drawing metadata.	none in current entrypoints	retire	3752332a03e3782fa12f17e027ee5945381f32ca8922b9c9382263b65bc98b3f		248	0	3	0		1158	0	not used
input_092	results/analysis/bcor_reclassification_2026-09-21/figures/figure5/derived-data/panel_b_ecdna_oncogene_burden_pairwise_tests.tsv		retired	excluded_unused	Unused by current Figures 1–5: legacy/superseded analysis, duplicate plotting input, or regenerated drawing metadata.	none in current entrypoints	retire	8d5e93825bf664361248134e4663ed7c0906f978945d01a6b37a0da838441b19		3	0	5	0		185	0	not used
input_093	results/analysis/bcor_reclassification_2026-09-21/figures/figure5/derived-data/panel_c_oncogene_one_vs_rest_fisher.tsv		retired	excluded_unused	Unused by current Figures 1–5: legacy/superseded analysis, duplicate plotting input, or regenerated drawing metadata.	none in current entrypoints	retire	29e0bc68488802f4058ec1a4a5ffa0c87ade13e15addc16cf656c0f030e589de		63	0	12	0		3723	0	not used
input_094	results/analysis/bcor_reclassification_2026-09-21/figures/figure5/derived-data/panel_c_oncogene_prevalence.tsv		retired	excluded_unused	Unused by current Figures 1–5: legacy/superseded analysis, duplicate plotting input, or regenerated drawing metadata.	none in current entrypoints	retire	f55b7e9bd6900ab8d2a35cd37b253bedbcb9add19125985b3b5fe59a7618239c		36	0	5	0		432	0	not used
input_095	results/analysis/bcor_reclassification_2026-09-21/figures/figure5/derived-data/panel_d_cooccurrence_context_prevalence.tsv		retired	excluded_unused	Unused by current Figures 1–5: legacy/superseded analysis, duplicate plotting input, or regenerated drawing metadata.	none in current entrypoints	retire	5f184065bc1ca1cc0d79ae00e974a8041f1653a9ba76d5f9e8ab254dd0146439		120	0	7	0		1200	0	not used
input_096	results/analysis/bcor_reclassification_2026-09-21/figures/figure5/derived-data/panel_d_cooccurrence_nodes.tsv		retired	excluded_unused	Unused by current Figures 1–5: legacy/superseded analysis, duplicate plotting input, or regenerated drawing metadata.	none in current entrypoints	retire	b3069444d8dcc69c1b12c32e8d59b5aead0d8b5d3cc680312553f4eb5b9f905d		36	0	8	0		581	0	not used
input_097	results/analysis/bcor_reclassification_2026-09-21/figures/figure5/derived-data/panel_d_cooccurrence_pairs.tsv		retired	excluded_unused	Unused by current Figures 1–5: legacy/superseded analysis, duplicate plotting input, or regenerated drawing metadata.	none in current entrypoints	retire	79b22dd5330295dff46b845dff5f494f376b7e145bbbf39c344ba98b9cdbee95		86	0	6	0		596	0	not used
input_098	results/analysis/bcor_reclassification_2026-09-21/figures/figure5/derived-data/panel_d_cooccurrence_tumor_denominators.tsv		retired	excluded_unused	Unused by current Figures 1–5: legacy/superseded analysis, duplicate plotting input, or regenerated drawing metadata.	none in current entrypoints	retire	0292bf2e49df0c4b7795cd689713b94dcd68d6b599eb4fe6ebbd4cde020d75fa		3	0	2	0		63	0	not used
input_099	results/analysis/bcor_reclassification_2026-09-21/figures/figure5/derived-data/panel_e_egfr_ecdna_copy_number.tsv		retired	excluded_unused	Unused by current Figures 1–5: legacy/superseded analysis, duplicate plotting input, or regenerated drawing metadata.	none in current entrypoints	retire	f93612a98812f4545823b53e94fa8571b7cc2e15cc44f2741ed7e778677c0087		166	0	7	0		2867	0	not used
input_100	results/analysis/bcor_reclassification_2026-09-21/figures/figure5/derived-data/panel_e_egfr_expression.tsv		retired	excluded_unused	Unused by current Figures 1–5: legacy/superseded analysis, duplicate plotting input, or regenerated drawing metadata.	none in current entrypoints	retire	e559f453104d488cf31380e9f3d55c693c05920a09e81b184ef4dfe8399ddbbf		208	0	5	0		3050	0	not used
input_101	results/analysis/bcor_reclassification_2026-09-21/figures/figure5/derived-data/panel_e_egfr_fusion_classes.tsv		retired	excluded_unused	Unused by current Figures 1–5: legacy/superseded analysis, duplicate plotting input, or regenerated drawing metadata.	none in current entrypoints	retire	ab851a89b38b3e9367cdfeb3b3cddf3f07caa1cbca89be5d8d98f367b836048f		9	0	12	0		454	0	not used
input_102	results/analysis/bcor_reclassification_2026-09-21/figures/figure5/derived-data/panel_e_pairwise_tests.tsv		retired	excluded_unused	Unused by current Figures 1–5: legacy/superseded analysis, duplicate plotting input, or regenerated drawing metadata.	none in current entrypoints	retire	6b2d765fa315d06ccf8648e5aaacd7cd4dd06247fe94340ef590705937f823a9		9	0	5	0		324	0	not used
input_103	results/analysis/bcor_reclassification_2026-09-21/figures/figure5/derived-data/row4-source/figure4_hallmark_gsea_top4_nonredundant.tsv	data/processed/files/103_figure4_hallmark_gsea_top4_nonredundant.tsv.gz	git	git_figure_support_aggregate	Project-generated cohort summary, model/plot geometry, test result or event definition supporting the manuscript; no individual participant records or identifiers are retained.	main-figure renderers and verification	select_columns	d528e4434c65eb821600aab905aaf4662c0cad07a54105050428246bb07b4817	78f3d0e111ddca359a7a75228747ffe70e7437839d8c2685fd97ebff096bd29d	12	12	12	11	Leading_Edge	4492	909	selected text values and relative row order preserved
input_104	results/analysis/bcor_reclassification_2026-09-21/inputs/plackett_luce_gbm_g3/tcga_gbm_DN1_matrix_coresp_G1.txt		retired	excluded_unused	Unused by current Figures 1–5: legacy/superseded analysis, duplicate plotting input, or regenerated drawing metadata.	none in current entrypoints	retire	58fd9e2a775a107946d7be452b6fa136df52a7712f0c9d14053b8f37486b24cf		35	0	2	0		138	0	not used
input_105	results/analysis/bcor_reclassification_2026-09-21/inputs/plackett_luce_gbm_g3/tcga_gbm_DN1_matrix_out_G1.txt		retired	excluded_unused	Unused by current Figures 1–5: legacy/superseded analysis, duplicate plotting input, or regenerated drawing metadata.	none in current entrypoints	retire	84f56f001bc497fc76576d90b7885f7a06b7e5a7747b8d6b1d9dc10d4d4a29c9		1000	0	35	0		280489	0	not used
input_106	results/analysis/bcor_reclassification_2026-09-21/inputs/plackett_luce_gbm_g3/tcga_gbm_DN1_mergedseg_G1.txt		retired	excluded_unused	Unused by current Figures 1–5: legacy/superseded analysis, duplicate plotting input, or regenerated drawing metadata.	none in current entrypoints	retire	bd98b11babdd01b36f6aded07d94af0c303f4b70d1aa9952e068d79b290f100c		1883	0	12	0		17312	0	not used
input_107	results/analysis/bcor_reclassification_2026-09-21/inputs/plackett_luce_gbm_g3/tcga_gbm_DN2_matrix_coresp_G1.txt		retired	excluded_unused	Unused by current Figures 1–5: legacy/superseded analysis, duplicate plotting input, or regenerated drawing metadata.	none in current entrypoints	retire	e6ba4252b305b3da03a83c5011ff828d59f9c78637ab1952a5ad907b40055633		29	0	2	0		119	0	not used
input_108	results/analysis/bcor_reclassification_2026-09-21/inputs/plackett_luce_gbm_g3/tcga_gbm_DN2_matrix_out_G1.txt		retired	excluded_unused	Unused by current Figures 1–5: legacy/superseded analysis, duplicate plotting input, or regenerated drawing metadata.	none in current entrypoints	retire	51dfaa50c64cd32cb56eb464f7604cec605989273e14677ff77dc58060cc8e6b		1000	0	29	0		231651	0	not used
input_109	results/analysis/bcor_reclassification_2026-09-21/inputs/plackett_luce_gbm_g3/tcga_gbm_DN2_mergedseg_G1.txt		retired	excluded_unused	Unused by current Figures 1–5: legacy/superseded analysis, duplicate plotting input, or regenerated drawing metadata.	none in current entrypoints	retire	bda840dfbf038895b9a2a97047608955fedc1ff8cca8805c0cd278bb4a7f1852		1689	0	12	0		14279	0	not used
input_110	results/analysis/bcor_reclassification_2026-09-21/inputs/plackett_luce_gbm_g3/tcga_gbm_DN3_matrix_coresp_G1.txt		retired	excluded_unused	Unused by current Figures 1–5: legacy/superseded analysis, duplicate plotting input, or regenerated drawing metadata.	none in current entrypoints	retire	b80f3377486912afbd1d868dc45e94faf8891116343259fb18d461403968888e		34	0	2	0		135	0	not used
input_111	results/analysis/bcor_reclassification_2026-09-21/inputs/plackett_luce_gbm_g3/tcga_gbm_DN3_matrix_out_G1.txt		retired	excluded_unused	Unused by current Figures 1–5: legacy/superseded analysis, duplicate plotting input, or regenerated drawing metadata.	none in current entrypoints	retire	1a3ec790c0b6c3bbe298f7709b2e8a25aae7133024431dbb69914cc0fa06173e		1000	0	34	0		273590	0	not used
input_112	results/analysis/bcor_reclassification_2026-09-21/inputs/plackett_luce_gbm_g3/tcga_gbm_DN3_mergedseg_G1.txt		retired	excluded_unused	Unused by current Figures 1–5: legacy/superseded analysis, duplicate plotting input, or regenerated drawing metadata.	none in current entrypoints	retire	f7694642f34857077892292c8c18d1329773e2b46363ac473244dd6c9d2aa62c		1208	0	12	0		12584	0	not used
input_113	results/analysis/bcor_reclassification_2026-09-21/rna/analysis/GBM_state_analysis_metadata.tsv	data/external/files/113_GBM_state_analysis_metadata.tsv.gz	author_request	request_measured_data	Individual clinical/molecular measurements or detailed segment/feature values; local source lineage is known, but an explicit open-redistribution record for this custom derived table was not found.	functions/R/recompute.R; functions/R/recompute_extended.R	select_columns	87d10725b39fb9fa6fcab3133fb2caf64bffd1e9e276a46c499ed38a311d5bbf	50c5341f74bb11673ba08d4f876fe52ee55435d50437ceff72923c2fc3b09117	205	205	16	5	sample_id;Tumor_Barcode;ABSOLUTE_Purity;Age_Years;Sex;Plate;Eligible;AC-like;MES-like;NPC-like;OPC-like	12736	1630	selected text values and relative row order preserved
input_114	results/analysis/bcor_reclassification_2026-09-21/rna/analysis/GBM_state_composition.tsv	data/processed/files/114_GBM_state_composition.tsv.gz	git	git_figure_support_aggregate	Project-generated cohort summary, model/plot geometry, test result or event definition supporting the manuscript; no individual participant records or identifiers are retained.	main-figure renderers and verification	unchanged	737815ab983dd0141107f13d03f12700aeeadd612538d2f84e45b12127c739bc	737815ab983dd0141107f13d03f12700aeeadd612538d2f84e45b12127c739bc	12	12	3	3		130	130	selected text values and relative row order preserved
input_115	results/analysis/bcor_reclassification_2026-09-21/rna/analysis/GBM_state_global.tsv	data/processed/files/115_GBM_state_global.tsv.gz	git	git_figure_support_aggregate	Project-generated cohort summary, model/plot geometry, test result or event definition supporting the manuscript; no individual participant records or identifiers are retained.	functions/R/recompute.R; functions/R/recompute_extended.R	displayed_RNA_test_only	bc41bd6b95fc99dbd50f0711ce77a91b4e9f2ad5ab32cbe314c60a9fd0f772c1	85df7effcf154c165d69d4784e0d4d7b16217c30ff15d96f204b1d68f5489c59	80	1	10	8	Converged;Q	2896	144	selected text values and relative row order preserved
input_116	results/analysis/bcor_reclassification_2026-09-21/rna/de/pairwise_diverging_de_counts_data.tsv		retired	excluded_unused	Unused by current Figures 1–5: legacy/superseded analysis, duplicate plotting input, or regenerated drawing metadata.	none in current entrypoints	retire	63e84554f813372caddd2404ee97e818226f9d312f3f612d866f359a2a8817ab		6	0	8	0		201	0	not used
input_117	results/analysis/bcor_reclassification_2026-09-21/survival/analysis/ASTRO_cox_data.tsv	data/external/files/117_ASTRO_cox_data.tsv.gz	author_request	request_measured_data	Individual clinical/molecular measurements or detailed segment/feature values; local source lineage is known, but an explicit open-redistribution record for this custom derived table was not found. Required ancestry covariates are retained for exact Cox-model reproduction.	functions/R/recompute.R; functions/R/recompute_extended.R	select_columns	e3de5947725658e667c8f2bd297f7c363da03cfea07c0cd909da8a1fb108250d	1035132670a2f96fefa419de13bb39741d15ce406e24fa611798513f7915642a	228	228	58	10	Tumor_Barcode;Tumor_Type;Tumor_File;Tumor_File_Size;Normal_Barcode;Normal_Type;Normal_File;Normal_File_Size;Sex;race;ethnicity;age_at_index;vital_status;days_to_death;days_to_last_follow_up;overall_survival_months;overall_survival_status;primary_diagnosis;tumor_grade;subtype;morphology;classification_of_tumor;prior_treatment;prior_malignancy;radiation_therapy;progression_free_status;progress_free_survival_months;laterality;site_of_resection_or_biopsy;CECC_Original_Subtype;CECC_Transcriptome_Subtype;CECC_Pan-Glioma_RNA_Expression_Cluster;CECC_IDH-specific_RNA_Expression_Cluster;CECC_Pan-Glioma_DNA_Methylation_Cluster;CECC_IDH-specific_DNA_Methylation_Cluster;CECC_Supervised_DNA_Methylation_Cluster;CECC_Random_Forest_Sturm_Cluster;CODEL_STATUS;IDH_Status;CECC_Subtype_Override;Subtype_Final;Subtype_Original;Research_Classification_Status;PC1;PC2;BB_Purity;valid_os;switcher	35457	8944	selected text values and relative row order preserved
input_118	results/analysis/bcor_reclassification_2026-09-21/survival/analysis/ASTRO_km_data.tsv	data/external/files/118_ASTRO_km_data.tsv.gz	author_request	request_measured_data	Individual clinical/molecular measurements or detailed segment/feature values; local source lineage is known, but an explicit open-redistribution record for this custom derived table was not found.	functions/R/recompute.R; functions/R/recompute_extended.R	select_columns	7427c341a890d11f937d3904c3e9332b2177042244d28f6705a2fbf57e5992be	eb2cfaeab5124d10a09b968612d99e6aea271939ff9816b1f07aad5cf19aba03	252	252	56	4	Tumor_Barcode;Tumor_Type;Tumor_File;Tumor_File_Size;Normal_Barcode;Normal_Type;Normal_File;Normal_File_Size;Sex;race;ethnicity;age_at_index;vital_status;days_to_death;days_to_last_follow_up;overall_survival_months;overall_survival_status;primary_diagnosis;tumor_grade;subtype;morphology;classification_of_tumor;prior_treatment;prior_malignancy;radiation_therapy;progression_free_status;progress_free_survival_months;laterality;site_of_resection_or_biopsy;CECC_Original_Subtype;CECC_Transcriptome_Subtype;CECC_Pan-Glioma_RNA_Expression_Cluster;CECC_IDH-specific_RNA_Expression_Cluster;CECC_Pan-Glioma_DNA_Methylation_Cluster;CECC_IDH-specific_DNA_Methylation_Cluster;CECC_Supervised_DNA_Methylation_Cluster;CECC_Random_Forest_Sturm_Cluster;CODEL_STATUS;IDH_Status;CECC_Subtype_Override;Subtype_Final;Subtype_Original;Research_Classification_Status;PC1;PC2;BB_Purity;age10;sex;purity10;valid_os;grade;switcher	33457	2765	selected text values and relative row order preserved
input_119	results/analysis/bcor_reclassification_2026-09-21/survival/analysis/Figure2d_display_contrasts.tsv	data/processed/files/119_Figure2d_display_contrasts.tsv.gz	git	git_figure_support_aggregate	Project-generated cohort summary, model/plot geometry, test result or event definition supporting the manuscript; no individual participant records or identifiers are retained.	main-figure renderers and verification	unchanged	8efc2d5ad211f24ea72d4a4307206289355d3820229d25b75418d48873270dbf	8efc2d5ad211f24ea72d4a4307206289355d3820229d25b75418d48873270dbf	7	7	13	13		712	712	selected text values and relative row order preserved
input_120	results/analysis/bcor_reclassification_2026-09-21/survival/analysis/Figure4e_display_contrasts.tsv	data/processed/files/120_Figure4e_display_contrasts.tsv.gz	git	git_figure_support_aggregate	Project-generated cohort summary, model/plot geometry, test result or event definition supporting the manuscript; no individual participant records or identifiers are retained.	main-figure renderers and verification	unchanged	906ce1a14c0c1bb1f9aeb908ba943d4a2738e03bf141a1e51c01ad11b217775d	906ce1a14c0c1bb1f9aeb908ba943d4a2738e03bf141a1e51c01ad11b217775d	7	7	15	15		833	833	selected text values and relative row order preserved
input_121	results/analysis/bcor_reclassification_2026-09-21/survival/analysis/GBM_cox_data.tsv	data/external/files/121_GBM_cox_data.tsv.gz	author_request	request_measured_data	Individual clinical/molecular measurements or detailed segment/feature values; local source lineage is known, but an explicit open-redistribution record for this custom derived table was not found. Required ancestry covariates are retained for exact Cox-model reproduction.	functions/R/recompute.R; functions/R/recompute_extended.R	select_columns	e59183daafd0173b2d86867b66bdcc9e32dcd2776c3f4540be5d78d0565a7131	1c2ec31fab40fac74538e3389e3747923abc7d95f5ea8ab280665c86273e63fb	382	382	57	9	Tumor_Barcode;Tumor_Type;Tumor_File;Tumor_File_Size;Normal_Barcode;Normal_Type;Normal_File;Normal_File_Size;Sex;race;ethnicity;age_at_index;vital_status;days_to_death;days_to_last_follow_up;overall_survival_months;overall_survival_status;primary_diagnosis;tumor_grade;subtype;morphology;classification_of_tumor;prior_treatment;prior_malignancy;radiation_therapy;progression_free_status;progress_free_survival_months;laterality;site_of_resection_or_biopsy;CECC_Original_Subtype;CECC_Transcriptome_Subtype;CECC_Pan-Glioma_RNA_Expression_Cluster;CECC_IDH-specific_RNA_Expression_Cluster;CECC_Pan-Glioma_DNA_Methylation_Cluster;CECC_IDH-specific_DNA_Methylation_Cluster;CECC_Supervised_DNA_Methylation_Cluster;CECC_Random_Forest_Sturm_Cluster;CODEL_STATUS;IDH_Status;CECC_Subtype_Override;Subtype_Final;Subtype_Original;Research_Classification_Status;BB_Purity;PC1;PC2;valid_os;switcher	59440	14262	selected text values and relative row order preserved
input_122	results/analysis/bcor_reclassification_2026-09-21/survival/analysis/GBM_km_data.tsv	data/external/files/122_GBM_km_data.tsv.gz	author_request	request_measured_data	Individual clinical/molecular measurements or detailed segment/feature values; local source lineage is known, but an explicit open-redistribution record for this custom derived table was not found.	functions/R/recompute.R; functions/R/recompute_extended.R	select_columns	0aeca5fceaf12202ab0b483b029f34b2dfc6c891c1e1a9aa353bdf7e7234cb29	bf3226cc460bc2b4e5dc646e9294b3908cc69a404145e208ef0310574394fc7a	382	382	55	4	Tumor_Barcode;Tumor_Type;Tumor_File;Tumor_File_Size;Normal_Barcode;Normal_Type;Normal_File;Normal_File_Size;Sex;race;ethnicity;age_at_index;vital_status;days_to_death;days_to_last_follow_up;overall_survival_months;overall_survival_status;primary_diagnosis;tumor_grade;subtype;morphology;classification_of_tumor;prior_treatment;prior_malignancy;radiation_therapy;progression_free_status;progress_free_survival_months;laterality;site_of_resection_or_biopsy;CECC_Original_Subtype;CECC_Transcriptome_Subtype;CECC_Pan-Glioma_RNA_Expression_Cluster;CECC_IDH-specific_RNA_Expression_Cluster;CECC_Pan-Glioma_DNA_Methylation_Cluster;CECC_IDH-specific_DNA_Methylation_Cluster;CECC_Supervised_DNA_Methylation_Cluster;CECC_Random_Forest_Sturm_Cluster;CODEL_STATUS;IDH_Status;CECC_Subtype_Override;Subtype_Final;Subtype_Original;Research_Classification_Status;BB_Purity;PC1;PC2;age10;sex;purity10;valid_os;switcher	50554	3948	selected text values and relative row order preserved
input_123	results/analysis/bcor_reclassification_2026-09-21/survival/analysis/all_KM_tests.tsv	data/processed/files/123_all_KM_tests.tsv.gz	git	git_figure_support_aggregate	Project-generated cohort summary, model/plot geometry, test result or event definition supporting the manuscript; no individual participant records or identifiers are retained.	functions/R/recompute.R; functions/R/recompute_extended.R	primary_survival_analyses_only	5d677fa2966fe0c83e711d027778a2bfe77f53058f8d1026c340d91406a4d66c	c1b127d9c2c78f18819bdbd5dc1cdf081cbb24447752b4c5a702fb194c201eb8	11	2	4	4		326	114	selected text values and relative row order preserved
input_124	results/analysis/bcor_reclassification_2026-09-21/survival/analysis/all_cox_terms.tsv	data/processed/files/124_all_cox_terms.tsv.gz	git	git_figure_support_aggregate	Project-generated cohort summary, model/plot geometry, test result or event definition supporting the manuscript; no individual participant records or identifiers are retained.	functions/R/recompute.R; functions/R/recompute_extended.R	primary_survival_analyses_only	9fbe16799ac64ac349bbf0cf3b58880dbdf4d36c022cca8f91a08f8ac45b1848	133eaeb47c93d2ba921f7687a3349201d0ca15749a8a6f90c32d01d2548fa247	185	14	8	8		11941	1045	selected text values and relative row order preserved
input_125	results/analysis/pooled_814_rerun_2026-09-28/figures/figure1/derived-data/panel_e_pl_group_subtype_composition.tsv		retired	excluded_unused	Unused by current Figures 1–5: legacy/superseded analysis, duplicate plotting input, or regenerated drawing metadata.	none in current entrypoints	retire	4ddb3f94cced09140ac86fe0b0daf53518fece0e01ebb788578ef3decef4ab9f		10	0	5	0		276	0	not used
input_126	results/analysis/pooled_814_rerun_2026-09-28/figures/figure1/derived-data/panel_f_pcawg_timing_bins.tsv	data/processed/files/126_panel_f_pcawg_timing_bins.tsv.gz	git	git_figure_support_aggregate	Project-generated cohort summary, model/plot geometry, test result or event definition supporting the manuscript; no individual participant records or identifiers are retained.	main-figure renderers and verification	unchanged	0e53b708a90ed52fef18c97000d8388168bd865f27109432448b8bb8bf909250	0e53b708a90ed52fef18c97000d8388168bd865f27109432448b8bb8bf909250	1731	1731	7	7		18023	18023	selected text values and relative row order preserved
input_127	results/analysis/pooled_814_rerun_2026-09-28/figures/figure1/derived-data/panel_f_pcawg_timing_events.tsv	data/external/files/127_panel_f_pcawg_timing_events.tsv.gz	author_request	request_measured_data	Individual clinical/molecular measurements or detailed segment/feature values; local source lineage is known, but an explicit open-redistribution record for this custom derived table was not found.	main-figure renderers and verification	unchanged	4fb3e11ebc23debb76efbe1d7ea679db751b859d0e1486f5b674f45c2c2d3965	4fb3e11ebc23debb76efbe1d7ea679db751b859d0e1486f5b674f45c2c2d3965	13520	13520	7	7		214613	214613	selected text values and relative row order preserved
input_128	results/analysis/pooled_814_rerun_2026-09-28/figures/figure1/derived-data/panel_g_gain_timing_curve.tsv	data/external/files/128_panel_g_gain_timing_curve.tsv.gz	author_request	request_measured_data	Individual clinical/molecular measurements or detailed segment/feature values; local source lineage is known, but an explicit open-redistribution record for this custom derived table was not found.	main-figure renderers and verification	unchanged	29283ebb6257a29c74655512d40c4ad79b5409af55c87b5ebb9d56b7ed2bbc6e	29283ebb6257a29c74655512d40c4ad79b5409af55c87b5ebb9d56b7ed2bbc6e	6665	6665	5	5		155817	155817	selected text values and relative row order preserved
input_129	results/analysis/pooled_814_rerun_2026-09-28/figures/figure1/derived-data/panel_g_gain_timing_global_permutation.tsv	data/processed/files/129_panel_g_gain_timing_global_permutation.tsv.gz	git	git_figure_support_aggregate	Project-generated cohort summary, model/plot geometry, test result or event definition supporting the manuscript; no individual participant records or identifiers are retained.	main-figure renderers and verification	unchanged	344b79291afd6c96269c031c68a4cca65b0c955a512ef87f9d36435cee61a5f0	344b79291afd6c96269c031c68a4cca65b0c955a512ef87f9d36435cee61a5f0	1	1	4	4		124	124	selected text values and relative row order preserved
input_130	results/analysis/pooled_814_rerun_2026-09-28/figures/figure1/derived-data/panel_g_gain_timing_summary.tsv	data/processed/files/130_panel_g_gain_timing_summary.tsv.gz	git	git_figure_support_aggregate	Project-generated cohort summary, model/plot geometry, test result or event definition supporting the manuscript; no individual participant records or identifiers are retained.	main-figure renderers and verification	unchanged	94a34cc6967921fe2249d37b8195c5b131ac94754ce01b719a43a1c789d0154e	94a34cc6967921fe2249d37b8195c5b131ac94754ce01b719a43a1c789d0154e	3	3	5	5		185	185	selected text values and relative row order preserved
input_131	results/analysis/pooled_814_rerun_2026-09-28/figures/figure1/derived-data/panel_h_chronological_pairwise_tests.tsv	data/processed/files/131_panel_h_chronological_pairwise_tests.tsv.gz	git	git_figure_support_aggregate	Project-generated cohort summary, model/plot geometry, test result or event definition supporting the manuscript; no individual participant records or identifiers are retained.	main-figure renderers and verification	unchanged	5306d56d064b2dd3cf04e0bc32701bcab6183d1dcaf19fe65c6cbb2379691ad2	5306d56d064b2dd3cf04e0bc32701bcab6183d1dcaf19fe65c6cbb2379691ad2	9	9	9	9		412	412	selected text values and relative row order preserved
input_132	results/analysis/pooled_814_rerun_2026-09-28/figures/figure1/derived-data/panel_h_chronological_timing_values.tsv	data/external/files/132_panel_h_chronological_timing_values.tsv.gz	author_request	request_measured_data	Individual clinical/molecular measurements or detailed segment/feature values; local source lineage is known, but an explicit open-redistribution record for this custom derived table was not found.	main-figure renderers and verification	unchanged	dff814471c956754e8b66ed3968c64901a078571bda7d97eba85ac7423384972	dff814471c956754e8b66ed3968c64901a078571bda7d97eba85ac7423384972	1817	1817	4	4		19641	19641	selected text values and relative row order preserved
input_133	results/analysis/pooled_814_rerun_2026-09-28/figures/figure1/derived-data/panel_i_bic_model_selection.tsv	data/processed/files/133_panel_i_bic_model_selection.tsv.gz	git	git_figure_support_aggregate	Project-generated cohort summary, model/plot geometry, test result or event definition supporting the manuscript; no individual participant records or identifiers are retained.	main-figure renderers and verification	unchanged	ac33e0764f60cdba78c25d7e35f3b80957f8e80abecd989245462731e0053deb	ac33e0764f60cdba78c25d7e35f3b80957f8e80abecd989245462731e0053deb	18	18	10	10		618	618	selected text values and relative row order preserved
input_134	results/analysis/pooled_814_rerun_2026-09-28/figures/figure1/derived-data/panel_shared_subtype_counts.tsv	data/processed/files/134_panel_shared_subtype_counts.tsv.gz	git	git_figure_support_aggregate	Project-generated cohort summary, model/plot geometry, test result or event definition supporting the manuscript; no individual participant records or identifiers are retained.	main-figure renderers and verification	unchanged	cdcae33b401024d458f0dfb1e273474b2ee6b955d4f8bb976cf0da76f8a2c975	cdcae33b401024d458f0dfb1e273474b2ee6b955d4f8bb976cf0da76f8a2c975	3	3	2	2		72	72	selected text values and relative row order preserved
input_135	results/analysis/pooled_814_rerun_2026-09-28/preparation/pooled/tcga_all_glioma_matrix_coresp_G1.txt		retired	excluded_unused	Unused by current Figures 1–5: legacy/superseded analysis, duplicate plotting input, or regenerated drawing metadata.	none in current entrypoints	retire	b37ff27a0e26c7c434e9329e261bc0acee27b5916414a567a3b2e65077209da4		56	0	2	0		199	0	not used
input_136	results/analysis/pooled_814_rerun_2026-09-28/preparation/pooled/tcga_all_glioma_matrix_out_G1.txt		retired	excluded_unused	Unused by current Figures 1–5: legacy/superseded analysis, duplicate plotting input, or regenerated drawing metadata.	none in current entrypoints	retire	ac9e98299485a2e126a51cff2e73077e06ae06a2542c3be7366c8a00a5ebfcff		1000	0	56	0		447943	0	not used
input_137	results/analysis/pooled_814_rerun_2026-09-28/preparation/pooled/tcga_all_glioma_mergedseg_G1.txt		retired	excluded_unused	Unused by current Figures 1–5: legacy/superseded analysis, duplicate plotting input, or regenerated drawing metadata.	none in current entrypoints	retire	9582654c0f14cabd70dca3ebae62d04dc401770df97ca7a645d53b448e97480c		10307	0	12	0		107179	0	not used
input_138	results/analysis/pooled_814_rerun_2026-09-28/preparation/pooled_G3_display/tcga_all_glioma_DN1_matrix_coresp_G1.txt		retired	excluded_unused	Unused by current Figures 1–5: legacy/superseded analysis, duplicate plotting input, or regenerated drawing metadata.	none in current entrypoints	retire	f191f4655107e0bae7c334d77446ff5bead09fdd39b77f9cb484f7202db65820		38	0	2	0		148	0	not used
input_139	results/analysis/pooled_814_rerun_2026-09-28/preparation/pooled_G3_display/tcga_all_glioma_DN1_matrix_out_G1.txt		retired	excluded_unused	Unused by current Figures 1–5: legacy/superseded analysis, duplicate plotting input, or regenerated drawing metadata.	none in current entrypoints	retire	dfbc7d0bba3b036b56b454d2defe0eb875dc1412166e823fe9b3f31322235633		1000	0	38	0		303547	0	not used
input_140	results/analysis/pooled_814_rerun_2026-09-28/preparation/pooled_G3_display/tcga_all_glioma_DN1_mergedseg_G1.txt	data/processed/files/140_tcga_all_glioma_DN1_mergedseg_G1.txt.gz	git	git_figure_support_aggregate	Project-generated cohort summary, model/plot geometry, test result or event definition supporting the manuscript; no individual participant records or identifiers are retained.	functions/python/group_specific.py	unique_event_definitions	2dd0d2e354cb5512fbf79ae21cb600739b084d94c43e194adf69ebaefe46c7a2	dfabcaf2b51fec76686c2285997d4d329414586d8a0a8c8a9ae7a14e12b5f456	4941	411	12	6	Tumour_Name;nMaj1_A;nMin1_A;tumour_ploidy;w.mean;no.chr.bearing.mut	45701	2744	selected text values and relative row order preserved
input_141	results/analysis/pooled_814_rerun_2026-09-28/preparation/pooled_G3_display/tcga_all_glioma_DN2_matrix_coresp_G1.txt		retired	excluded_unused	Unused by current Figures 1–5: legacy/superseded analysis, duplicate plotting input, or regenerated drawing metadata.	none in current entrypoints	retire	9a8c418d69099486c3bc2d3e5abc7a881a50b527cbf2ce427bd0b47fd8bd6cf7		42	0	2	0		158	0	not used
input_142	results/analysis/pooled_814_rerun_2026-09-28/preparation/pooled_G3_display/tcga_all_glioma_DN2_matrix_out_G1.txt		retired	excluded_unused	Unused by current Figures 1–5: legacy/superseded analysis, duplicate plotting input, or regenerated drawing metadata.	none in current entrypoints	retire	ac94b2a427b13c363d3de15c1e6e95e4a76174c26ba80a98a324d72a2625627e		1000	0	42	0		339153	0	not used
input_143	results/analysis/pooled_814_rerun_2026-09-28/preparation/pooled_G3_display/tcga_all_glioma_DN2_mergedseg_G1.txt	data/processed/files/143_tcga_all_glioma_DN2_mergedseg_G1.txt.gz	git	git_figure_support_aggregate	Project-generated cohort summary, model/plot geometry, test result or event definition supporting the manuscript; no individual participant records or identifiers are retained.	functions/python/group_specific.py	unique_event_definitions	ecaa717737e55f5f77ed79347518fbe47d6051605b97a0cd3c9a5add249a6512	127b04b87f33badd45ac42e8363fe009bc067a467eb3a3b281312ac597f97aae	3094	247	12	6	Tumour_Name;nMaj1_A;nMin1_A;tumour_ploidy;w.mean;no.chr.bearing.mut	36288	1955	selected text values and relative row order preserved
input_144	results/analysis/pooled_814_rerun_2026-09-28/preparation/pooled_G3_display/tcga_all_glioma_DN3_matrix_coresp_G1.txt		retired	excluded_unused	Unused by current Figures 1–5: legacy/superseded analysis, duplicate plotting input, or regenerated drawing metadata.	none in current entrypoints	retire	b80f3377486912afbd1d868dc45e94faf8891116343259fb18d461403968888e		34	0	2	0		135	0	not used
input_145	results/analysis/pooled_814_rerun_2026-09-28/preparation/pooled_G3_display/tcga_all_glioma_DN3_matrix_out_G1.txt		retired	excluded_unused	Unused by current Figures 1–5: legacy/superseded analysis, duplicate plotting input, or regenerated drawing metadata.	none in current entrypoints	retire	34cdd2f9ade8313951b523ff04ae08e9c821c8ff09f4e6e99f21fd280e41ce16		1000	0	34	0		274636	0	not used
input_146	results/analysis/pooled_814_rerun_2026-09-28/preparation/pooled_G3_display/tcga_all_glioma_DN3_mergedseg_G1.txt	data/processed/files/146_tcga_all_glioma_DN3_mergedseg_G1.txt.gz	git	git_figure_support_aggregate	Project-generated cohort summary, model/plot geometry, test result or event definition supporting the manuscript; no individual participant records or identifiers are retained.	functions/python/group_specific.py	unique_event_definitions	4004a11d43a29432022479a91387aaf5630704f80ab3ccbe52487f35e3c738cd	908779f0eef41ddea4ef611d8bda707c3bf4ca011d358f99869553fdf59148b1	1273	216	12	6	Tumour_Name;nMaj1_A;nMin1_A;tumour_ploidy;w.mean;no.chr.bearing.mut	12582	1695	selected text values and relative row order preserved
input_147	results/analysis/rna_adjustment_corrections_2026-09-16/analysis/ASTRO_plate_adjusted_DESeq2.tsv	data/processed/files/147_ASTRO_plate_adjusted_DESeq2.tsv.gz	git	git_figure_support_aggregate	Project-generated cohort summary, model/plot geometry, test result or event definition supporting the manuscript; no individual participant records or identifiers are retained.	main-figure renderers and verification	unchanged	a5b6fed46ac2d910be032266b0977cb35b7d70d0ddc2fe7e1dc0e5a2122c3b6e	a5b6fed46ac2d910be032266b0977cb35b7d70d0ddc2fe7e1dc0e5a2122c3b6e	49889	49889	13	13		2997093	2997093	selected text values and relative row order preserved
input_148	results/figures/figure2/derived-data/astro_age_mrca_latency_primary_2p5x_sample_table.tsv	data/external/files/148_astro_age_mrca_latency_primary_2p5x_sample_table.tsv.gz	author_request	request_measured_data	Individual clinical/molecular measurements or detailed segment/feature values; local source lineage is known, but an explicit open-redistribution record for this custom derived table was not found.	functions/R/render_figure2.R	select_columns	405cf9372d7b606b38e1c52c6b05419d1ab06bb7a6fccb156ffd47ccc8efd865	eed2687f3851a9663bc531d5f5e662bc3faccf5bc6fd2f159b938aee041c5333	254	254	21	7	cross_group_switcher;Subtype_Final;tumor_grade;primary_diagnosis;age_at_diagnosis_years_raw;age_at_index_years;Age;MRCA_age;Latency;Latency_X10;Latency_X90;SP_Group;Histology;timing_file_age_mrca_years	11124	5981	selected text values and relative row order preserved
input_149	results/figures/figure2/derived-data/astro_age_mrca_latency_primary_tests.tsv	data/processed/files/149_astro_age_mrca_latency_primary_tests.tsv.gz	git	git_figure_support_aggregate	Project-generated cohort summary, model/plot geometry, test result or event definition supporting the manuscript; no individual participant records or identifiers are retained.	main-figure renderers and verification	unchanged	ca98ee26ba3b5ce00518869a823ef917c15a91a4b693f9a6d7bbb0a7ddd3641f	ca98ee26ba3b5ce00518869a823ef917c15a91a4b693f9a6d7bbb0a7ddd3641f	3	3	20	20		595	595	selected text values and relative row order preserved
input_150	results/figures/figure2/derived-data/diagnostics/astro_focused_data_allele_specific_cn.tsv	data/external/files/150_astro_focused_data_allele_specific_cn.tsv.gz	author_request	request_measured_data	Individual clinical/molecular measurements or detailed segment/feature values; local source lineage is known, but an explicit open-redistribution record for this custom derived table was not found.	functions/R/render_figure2.R	unchanged	1a1dcdf6f2bac64ed9fd3bce452f01dc28245419aa7057992732373b9d76a29f	1a1dcdf6f2bac64ed9fd3bce452f01dc28245419aa7057992732373b9d76a29f	217	217	5	5		2216	2216	selected text values and relative row order preserved
input_151	results/figures/figure2/derived-data/diagnostics/astro_focused_data_allele_specific_cn_components.tsv		retired	excluded_unused	Unused by current Figures 1–5: legacy/superseded analysis, duplicate plotting input, or regenerated drawing metadata.	none in current entrypoints	retire	65721820ebef030e64b8bd6e5dd7d17fd0cac79c8226092590cdd359622d1d1c		392	0	3	0		2219	0	not used
input_152	results/figures/figure2/derived-data/diagnostics/astro_focused_data_feature.tsv	data/external/files/152_astro_focused_data_feature.tsv.gz	author_request	request_measured_data	Individual clinical/molecular measurements or detailed segment/feature values; local source lineage is known, but an explicit open-redistribution record for this custom derived table was not found.	functions/R/render_figure2.R	unchanged	200cce229c63874aa00951e71a248182d8d8382caf59960a471bf72345189010	200cce229c63874aa00951e71a248182d8d8382caf59960a471bf72345189010	263	263	5	5		2083	2083	selected text values and relative row order preserved
input_153	results/figures/figure2/derived-data/diagnostics/astro_focused_data_mutation.tsv	data/external/files/153_astro_focused_data_mutation.tsv.gz	author_request	request_measured_data	Individual clinical/molecular measurements or detailed segment/feature values; local source lineage is known, but an explicit open-redistribution record for this custom derived table was not found.	functions/R/render_figure2.R	unchanged	3577dbf7178aea4a4208f7ebed200d2d8bd519732507d4ee5206a9ce047494cf	3577dbf7178aea4a4208f7ebed200d2d8bd519732507d4ee5206a9ce047494cf	437	437	5	5		2975	2975	selected text values and relative row order preserved
input_154	results/figures/figure2/derived-data/diagnostics/astro_focused_data_promoter.tsv	data/external/files/154_astro_focused_data_promoter.tsv.gz	author_request	request_measured_data	Individual clinical/molecular measurements or detailed segment/feature values; local source lineage is known, but an explicit open-redistribution record for this custom derived table was not found.	functions/R/render_figure2.R	unchanged	e4d6d71f099b936f74dcbd1a0d0be83615c065dd752b68017faab1d8b074b65e	e4d6d71f099b936f74dcbd1a0d0be83615c065dd752b68017faab1d8b074b65e	20	20	5	5		337	337	selected text values and relative row order preserved
input_155	results/figures/figure2/derived-data/diagnostics/astro_focused_sample_order.tsv	data/external/files/155_astro_focused_sample_order.tsv.gz	author_request	request_measured_data	Individual clinical/molecular measurements or detailed segment/feature values; local source lineage is known, but an explicit open-redistribution record for this custom derived table was not found.	functions/R/render_figure2.R	select_columns	e288b9dbd0de5ce9e5515bf3d56cbdb5030a4b210f8602f348c1060e6e0d3449	720650d70f91b8ffdf7c88f46c8be2320a7f641102dafb356deea71cf66ee6cc	263	263	34	2	mut_TP53_Missense_Mutation;mut_TP53_Frame_Shift_Del;mut_ATRX_Frame_Shift_Del;mut_ATRX_Nonsense_Mutation;mut_ATRX_Missense_Mutation;mut_TP53_Nonsense_Mutation;mut_CIC_Missense_Mutation;mut_ATRX_In_Frame_Del;mut_CIC_Frame_Shift_Del;mut_ATRX_Frame_Shift_Ins;mut_CIC_Frame_Shift_Ins;mut_TP53_Frame_Shift_Ins;mut_TP53_In_Frame_Del;mut_CIC_Nonsense_Mutation;mut_TP53_Splice_Site;mut_ATRX_Splice_Site;promoter_TERT_Promoter;plcn_TP53_Amplified LOH;plcn_TP53_LOH;plcn_TP53_Gain;plcn_CIC_LOH;plcn_CIC_Amplified LOH;plcn_CIC_Gain;tp53_mutation_info;tp53_mutation_type;atrx_mutation_info;atrx_mutation_type;cic_mutation_info;cic_mutation_type;tp53_mutation;atrx_mutation;cic_mutation	3049	1627	selected text values and relative row order preserved
input_156	results/figures/figure2/derived-data/diagnostics/tp53_copy_number_analysis_data.tsv	data/external/files/156_tp53_copy_number_analysis_data.tsv.gz	author_request	request_measured_data	Individual clinical/molecular measurements or detailed segment/feature values; local source lineage is known, but an explicit open-redistribution record for this custom derived table was not found.	functions/R/render_figure2.R	select_columns	e3c5dff037ec46533cf8a1df85bb56ac860897f0ecefe92012a10d0c010b08cd	4f53a1150884ac587f20f374b06470021ab37209b88dd8d7e5237c50f732c844	226	226	15	7	ID;Variant_Classification;CCF_for_selection;VAF_for_selection;depth_for_selection;cross_group_switcher;primary_selection_rule;index_variant_rule	8525	2311	selected text values and relative row order preserved
input_157	results/figures/figure2/derived-data/diagnostics/tp53_copy_number_model_terms.tsv	data/processed/files/157_tp53_copy_number_model_terms.tsv.gz	git	git_figure_support_aggregate	Project-generated cohort summary, model/plot geometry, test result or event definition supporting the manuscript; no individual participant records or identifiers are retained.	main-figure renderers and verification	unchanged	e745ab7c75cc87bd37c0a31f701d54b051b8849bcca8eed2c7d29c79583bb0eb	e745ab7c75cc87bd37c0a31f701d54b051b8849bcca8eed2c7d29c79583bb0eb	4	4	7	7		403	403	selected text values and relative row order preserved
input_158	results/figures/figure3/derived-data/figure3_gain_timing_curve.tsv	data/external/files/158_figure3_gain_timing_curve.tsv.gz	author_request	request_measured_data	Individual clinical/molecular measurements or detailed segment/feature values; local source lineage is known, but an explicit open-redistribution record for this custom derived table was not found.	main-figure renderers and verification	unchanged	79b43464dee6d81b8a1308ff0f5991062ba584ee3513c6f61aa80f964dc1c429	79b43464dee6d81b8a1308ff0f5991062ba584ee3513c6f61aa80f964dc1c429	2190	2190	4	4		46516	46516	selected text values and relative row order preserved
input_159	results/figures/figure3/derived-data/figure3_gain_timing_stats.tsv	data/processed/files/159_figure3_gain_timing_stats.tsv.gz	git	git_figure_support_aggregate	Project-generated cohort summary, model/plot geometry, test result or event definition supporting the manuscript; no individual participant records or identifiers are retained.	main-figure renderers and verification	unchanged	ec95cdd8910a2a3ca151a31b7e3c87dac738251ede414e6a7b2095afe8cf8eda	ec95cdd8910a2a3ca151a31b7e3c87dac738251ede414e6a7b2095afe8cf8eda	2	2	8	8		205	205	selected text values and relative row order preserved
input_160	results/figures/figure3/derived-data/figure3_sample_metrics.tsv	data/external/files/160_figure3_sample_metrics.tsv.gz	author_request	request_measured_data	Individual clinical/molecular measurements or detailed segment/feature values; local source lineage is known, but an explicit open-redistribution record for this custom derived table was not found.	functions/R/recompute.R; functions/R/recompute_extended.R	select_columns	d77fab8a358fd8d2357d0a041b7682aa86aa5f5e59431d23e81aea4e2e8ff576	9e3189cfdff5636a2f79a844c4301392ec87579966f2dad33b0d0e63c564c274	263	263	53	33	hc_ct_11_12_13;shatterseek_sv_burden;age_at_index;tumor_grade;Sex;deletion_sv_count;duplication_sv_count;TP53_PL_mut;TP53_PL_biallelic_like;TP53_PL_amplified_LOH;TP53_PL_high_amp_LOH;TP53_PL_max_major_cn;TP53_PL_min_minor_cn;Tumor_TL;Normal_TL;ATRX_functional_mutation;ATRX_DAXX_altered;ALT_like_route;TMM_class;ATRX_TP53_ampLOH_context	34583	28928	selected text values and relative row order preserved
input_161	results/figures/figure3/derived-data/figure3_specificity_fingerprint.tsv	data/processed/files/161_figure3_specificity_fingerprint.tsv.gz	git	git_figure_support_aggregate	Project-generated cohort summary, model/plot geometry, test result or event definition supporting the manuscript; no individual participant records or identifiers are retained.	main-figure renderers and verification	unchanged	7fe2928c42091a6eb7937a847e5a099dc41c765ffd72bc6fab5a1464025dfc6e	7fe2928c42091a6eb7937a847e5a099dc41c765ffd72bc6fab5a1464025dfc6e	12	12	15	15		1146	1146	selected text values and relative row order preserved
input_162	results/figures/figure3/derived-data/figure3_tert_promoter_test.tsv	data/processed/files/162_figure3_tert_promoter_test.tsv.gz	git	git_figure_support_aggregate	Project-generated cohort summary, model/plot geometry, test result or event definition supporting the manuscript; no individual participant records or identifiers are retained.	main-figure renderers and verification	unchanged	fe46406189a21c1ff472d06bd0a7e600620ccd8914655cb73190c921d6d49bb6	fe46406189a21c1ff472d06bd0a7e600620ccd8914655cb73190c921d6d49bb6	1	1	14	14		253	253	selected text values and relative row order preserved
input_163	results/figures/figure3/derived-data/figure3_tests.tsv	data/processed/files/163_figure3_tests.tsv.gz	git	git_figure_support_aggregate	Project-generated cohort summary, model/plot geometry, test result or event definition supporting the manuscript; no individual participant records or identifiers are retained.	main-figure renderers and verification	unchanged	cf60dfd38101ad796cdae673bf6e94d9877bf1067850786b41629ec33fe8c4c8	cf60dfd38101ad796cdae673bf6e94d9877bf1067850786b41629ec33fe8c4c8	28	28	23	23		3157	3157	selected text values and relative row order preserved
input_164	scripts/functions/oncoplot_colors.csv	data/processed/files/164_oncoplot_colors.csv.gz	git	git_project_style	Project plot color definitions; no human data.	main-figure renderers and verification	unchanged	aa81730b276c32fb5b60adf2a4126c8cd3eb5c7950287a88c28daa8d49a887ab	aa81730b276c32fb5b60adf2a4126c8cd3eb5c7950287a88c28daa8d49a887ab	72	72	2	2		749	749	selected text values and relative row order preserved
input_165	scripts/plackett-luce/Ordering_Model/reference_files/all_gene_gr_hg38.Rdata	data/external/files/165_CIC_hg38_coordinates.tsv.gz	author_request	request_reference_provenance	Reduced to the CIC interval used by the plot; upstream annotation release/licensing provenance was not established.	functions/R/render_figure2.R	CIC_interval_only	51283a1b68c64c23e5a91a120e6b3fcf2c719d4761956cbf88b3275a8f6979fc	c758e91674071bb66c6b6f0f7520ecdd74eff1b5f9bd158fd0d15e4f9fe13805		1	0	4		486752	68	CIC coordinates checked against source object
input_166	scripts/plackett-luce/Ordering_Model/reference_files/cytoBand_hg38.txt		retired	excluded_unused	Unused by current Figures 1–5: legacy/superseded analysis, duplicate plotting input, or regenerated drawing metadata.	none in current entrypoints	retire	83fe19148485d67da5783aefd9402de58fcd0b0b0d2a476164abeb522522acd1		861	0	5	0		6118	0	not used
input_167	scripts/plackett-luce/Ordering_Model/reference_files/dataset_wgd_status.txt		retired	excluded_unused	Unused by current Figures 1–5: legacy/superseded analysis, duplicate plotting input, or regenerated drawing metadata.	none in current entrypoints	retire	08074a337734f3bd3e593b3ba0daa41796d8a0dd88f0fcc17f72fb0702517ebe		813	0	2	0		3212	0	not used
input_168	scripts/plackett-luce/Ordering_Model/reference_files/driver_gene_list.txt		retired	excluded_unused	Unused by current Figures 1–5: legacy/superseded analysis, duplicate plotting input, or regenerated drawing metadata.	none in current entrypoints	retire	853d6717eda58435e9214b3d50888d3613485f5f68cfeb3dcbfbb8698577f35e		30	0	1	0		144	0	not used
input_169	results/analysis/bcor_reclassification_2026-09-21/figures/figure4/derived-data/gain-timing/gbm_dn3_panel_d_gain_timing_sample_sums.tsv	data/external/files/169_gbm_dn3_panel_d_gain_timing_sample_sums.tsv.gz	author_request	request_measured_data	Individual clinical/molecular measurements or detailed segment/feature values; local source lineage is known, but an explicit open-redistribution record for this custom derived table was not found.	functions/R/recompute.R; functions/R/recompute_extended.R	unchanged	17dfd8322652c6c1b52a57ae723c16cfa5d3cf2e092c3ab2236a59999b06491a	17dfd8322652c6c1b52a57ae723c16cfa5d3cf2e092c3ab2236a59999b06491a	392	392	5	5		8996	8996	selected text values and relative row order preserved
